["TO - SANTA FE DO ARAGUAIA","TO - GUARAI","TO - PORTO NACIONAL","TO - MIRACEMA DO TOCANTINS","TO - TOCANTINOPOLIS","TO - GURUPI","TO - ANANAS","TO - TAGUATINGA","TO - MIRANORTE","TO - DIANOPOLIS","TO - COLMEIA","TO - PALMEIROPOLIS","TO - ARRAIAS","TO - FORMOSO DO ARAGUAIA","TO - ARAGUAINA","TO - COLINAS DO TOCANTINS","TO - PARAISO DO TOCANTINS","TO - CARIRI DO TOCANTINS","TO - PALMAS","TO - AUGUSTINOPOLIS","TO - NATIVIDADE","TO - ARAGUATINS","SP - SUZANO","SP - ASSIS","SP - BRAGANCA PAULISTA","SP - PONTAL","SP - PARAGUACU PAULISTA","SP - OSVALDO CRUZ","SP - MARTINOPOLIS","SP - PRACINHA","SP - ITATINGA","SP - BIRIGUI","SP - SAO CARLOS","SP - JUNDIAI","SP - AVANHANDAVA","SP - ICEM","SP - ITAI","SP - PAULO DE FARIA","SP - SANTO ANDRE","SP - BERNARDINO DE CAMPOS","SP - SAO JOSE DOS CAMPOS","SP - JARDINOPOLIS","SP - JAU","SP - LINS","SP - ARARAQUARA","SP - MARABA PAULISTA","SP - HORTOLANDIA","SP - SANTOS","SP - GUARUJA","SP - RIO CLARO","SP - AMERICANA","SP - MAIRINQUE","SP - REGISTRO","SP - RIOLANDIA","SP - ATIBAIA","SP - JACAREI","SP - VALPARAISO","SP - GUARULHOS","SP - SAO CAETANO DO SUL","SP - DIADEMA","SP - MONGAGUA","SP - ITAPETININGA","SP - FLORINIA","SP - SUMARE","SP - PERUIBE","SP - ITAQUAQUECETUBA","SP - PRAIA GRANDE","SP - CASA BRANCA","SP - IPERO","SP - LORENA","SP - MOGI DAS CRUZES","SP - BALBINOS","SP - TAIUVA","SP - GUARIBA","SP - PRESIDENTE BERNARDES","SP - FLORIDA PAULISTA","SP - MOGI MIRIM","SP - LUCELIA","SP - ALVARO DE CARVALHO","SP - TAUBATE","SP - IRAPURU","SP - MOCOCA","SP - SAO JOSE DO RIO PRETO","SP - CARAGUATATUBA","SP - CAMPINAS","SP - CAIUA","SP - VOTORANTIM","SP - JUNQUEIROPOLIS","SP - PRESIDENTE PRUDENTE","SP - TUPI PAULISTA","SP - ITIRAPINA","SP - DRACENA","SP - TAQUARITUBA","SP - MARILIA","SP - SERTAOZINHO","SP - AGUAI","SP - FRANCA","SP - PIRAJUI","SP - GUARATINGUETA","SP - PORTO FELIZ","SP - OSASCO","SP - CERQUEIRA CESAR","SP - OURINHOS","SP - RIBEIRAO PRETO","SP - CAPELA DO ALTO","SP - GUAREI","SP - LAVINIA","SP - ARACATUBA","SP - AVARE","SP - POTIM","SP - MOGI GUACU","SP - PACAEMBU","SP - BAURU","SP - LIMEIRA","SP - SERRA AZUL","SP - SAO VICENTE","SP - REGINOPOLIS","SP - GETULINA","SP - NOVA INDEPENDENCIA","SP - MAUA","SP - SAO BERNARDO DO CAMPO","SP - SOROCABA","SP - TREMEMBE","SP - GALIA","SP - CARAPICUIBA","SP - MIRANDOPOLIS","SP - ANDRADINA","SP - BOTUCATU","SP - PIRACICABA","SP - SAO PAULO","SP - IARAS","SP - ITAPECERICA DA SERRA","SP - FRANCO DA ROCHA","SP - PRESIDENTE VENCESLAU","SE - SAO CRISTOVAO","SE - NOSSA SENHORA DA GLORIA","SE - ESTANCIA","SE - TOBIAS BARRETO","SE - ARACAJU","SE - AREIA BRANCA","SE - NOSSA SENHORA DO SOCORRO","SC - BARRA VELHA","SC - VIDEIRA","SC - RIO DO SUL","SC - INDAIAL","SC - JOACABA","SC - ARARANGUA","SC - ITAPEMA","SC - SAO MIGUEL DO OESTE","SC - XANXERE","SC - MARAVILHA","SC - SAO PEDRO DE ALCANTARA","SC - BIGUACU","SC - BRUSQUE","SC - JARAGUA DO SUL","SC - ITUPORANGA","SC - PORTO UNIAO","SC - SAO JOSE","SC - SAO CRISTOVAO DO SUL","SC - CACADOR","SC - IMBITUBA","SC - LAGUNA","SC - PALHOCA","SC - CRICIUMA","SC - MAFRA","SC - TIJUCAS","SC - CURITIBANOS","SC - CHAPECO","SC - TUBARAO","SC - SAO BENTO DO SUL","SC - LAGES","SC - BLUMENAU","SC - SAO JOSE DO CEDRO","SC - ITAJAI","SC - JOINVILLE","SC - FLORIANOPOLIS","SC - CONCORDIA","SC - CAMPOS NOVOS","SC - SAO FRANCISCO DO SUL","SC - CANOINHAS","RS - JAGUARI","RS - CANGUCU","RS - JAGUARAO","RS - QUARAI","RS - ESPUMOSO","RS - CACHOEIRA DO SUL","RS - RIO GRANDE","RS - SAO LUIZ GONZAGA","RS - SANTA ROSA","RS - ARROIO DO MEIO","RS - SAO SEPE","RS - GUAIBA","RS - ENCANTADO","RS - LAVRAS DO SUL","RS - CERRO LARGO","RS - FREDERICO WESTPHALEN","RS - GRAVATAI","RS - LAGOA VERMELHA","RS - SAO JERONIMO","RS - LAJEADO","RS - SARANDI","RS - ROSARIO DO SUL","RS - CAMAQUA","RS - ITAQUI","RS - ENCRUZILHADA DO SUL","RS - PALMEIRA DAS MISSOES","RS - IRAI","RS - ALVORADA","RS - VIAMAO","RS - SAO FRANCISCO DE PAULA","RS - DOM PEDRITO","RS - BAGE","RS - VENANCIO AIRES","RS - CACEQUI","RS - JULIO DE CASTILHOS","RS - SANTO ANGELO","RS - SAO LEOPOLDO","RS - CACHOEIRINHA","RS - VACARIA","RS - TRES PASSOS","RS - CACAPAVA DO SUL","RS - BENTO GONCALVES","RS - TORRES","RS - RIO PARDO","RS - SANTA VITORIA DO PALMAR","RS - CRUZ ALTA","RS - SANTIAGO","RS - NOVA PRATA","RS - ARROIO DOS RATOS","RS - CANELA","RS - FARROUPILHA","RS - SAO GABRIEL","RS - PELOTAS","RS - OSORIO","RS - CANDELARIA","RS - SAO FRANCISCO DE ASSIS","RS - CHARQUEADAS","RS - CAXIAS DO SUL","RS - SAO BORJA","RS - SANTO CRISTO","RS - CARAZINHO","RS - ALEGRETE","RS - SANTA MARIA","RS - PASSO FUNDO","RS - SANTA CRUZ DO SUL","RS - GUAPORE","RS - AGUDO","RS - SOLEDADE","RS - SOBRADINHO","RS - CANOAS","RS - GETULIO VARGAS","RS - SAO VICENTE DO SUL","RS - NOVO HAMBURGO","RS - MONTENEGRO","RS - URUGUAIANA","RS - SANT ANA DO LIVRAMENTO","RS - IJUI","RS - ERECHIM","RS - PORTO ALEGRE","RR - RORAINOPOLIS","RR - BOA VISTA","RO - MACHADINHO D OESTE","RO - CACOAL","RO - CEREJEIRAS","RO - ALVORADA D OESTE","RO - SAO FRANCISCO DO GUAPORE","RO - PIMENTA BUENO","RO - COLORADO DO OESTE","RO - SAO MIGUEL DO GUAPORE","RO - COSTA MARQUES","RO - PRESIDENTE MEDICI","RO - VILHENA","RO - JARU","RO - OURO PRETO DO OESTE","RO - ALTA FLORESTA D OESTE","RO - ARIQUEMES","RO - ROLIM DE MOURA","RO - GUAJARA-MIRIM","RO - JI-PARANA","RO - PORTO VELHO","RO - BURITIS","RN - MACAU","RN - NOVA CRUZ","RN - CEARA-MIRIM","RN - APODI","RN - MACAIBA","RN - PAU DOS FERROS","RN - NISIA FLORESTA","RN - NATAL","RN - MOSSORO","RN - CAICO","RN - PARNAMIRIM","RN - CARAUBAS","RJ - ARARUAMA","RJ - PETROPOLIS","RJ - TRES RIOS","RJ - NILOPOLIS","RJ - TERESOPOLIS","RJ - ITAPERUNA","RJ - MACAE","RJ - VOLTA REDONDA","RJ - DUQUE DE CAXIAS","RJ - NOVA FRIBURGO","RJ - RESENDE","RJ - BELFORD ROXO","RJ - CAMPOS DOS GOYTACAZES","RJ - JAPERI","RJ - NOVA IGUACU","RJ - MAGE","RJ - NITEROI","RJ - RIO DE JANEIRO","RJ - SAO GONCALO","PR - LOANDA","PR - JANDAIA DO SUL","PR - ARAUCARIA","PR - CRUZEIRO DO OESTE","PR - IBAITI","PR - NOVA LONDRINA","PR - ARAPONGAS","PR - SENGES","PR - CAMBE","PR - PITANGA","PR - BANDEIRANTES","PR - ARAPOTI","PR - ROLANDIA","PR - PALMAS","PR - GOIOERE","PR - CIANORTE","PR - WENCESLAU BRAZ","PR - CORNELIO PROCOPIO","PR - COLORADO","PR - CAPANEMA","PR - CARLOPOLIS","PR - ALTO PARANA","PR - PALOTINA","PR - SARANDI","PR - CASTRO","PR - CIDADE GAUCHA","PR - PATO BRANCO","PR - LAPA","PR - ASTORGA","PR - IBIPORA","PR - APUCARANA","PR - FAXINAL","PR - JAGUARIAIVA","PR - CAMBARA","PR - SAO JORGE DO PATROCINIO","PR - ENGENHEIRO BELTRAO","PR - QUEDAS DO IGUACU","PR - GUAIRA","PR - MANDAGUACU","PR - CORBELIA","PR - FRANCISCO BELTRAO","PR - SANTO ANTONIO DA PLATINA","PR - PINHAIS","PR - LARANJEIRAS DO SUL","PR - MEDIANEIRA","PR - UNIAO DA VITORIA","PR - MARIALVA","PR - IVAIPORA","PR - PARANAVAI","PR - ORTIGUEIRA","PR - PORECATU","PR - CATANDUVAS","PR - PARANACITY","PR - ASSAI","PR - SAO JOSE DOS PINHAIS","PR - TELEMACO BORBA","PR - CASCAVEL","PR - UMUARAMA","PR - FAZENDA RIO GRANDE","PR - DOIS VIZINHOS","PR - LONDRINA","PR - BARRACAO","PR - MANDAGUARI","PR - IPORA","PR - SANTO ANTONIO DO SUDOESTE","PR - PIRAQUARA","PR - PONTA GROSSA","PR - CAMPO LARGO","PR - NOVA ESPERANCA","PR - JACAREZINHO","PR - CAMPO MOURAO","PR - TOLEDO","PR - GUARAPUAVA","PR - MARINGA","PR - MARECHAL CANDIDO RONDON","PR - CURITIBA","PR - FOZ DO IGUACU","PI - PICOS","PI - FLORIANO","PI - BURITI DOS LOPES","PI - OEIRAS","PI - ESPERANTINA","PI - ALTOS","PI - PARNAIBA","PI - TERESINA","PI - SAO RAIMUNDO NONATO","PI - CAMPO MAIOR","PI - BOM JESUS","PE - VITORIA DE SANTO ANTAO","PE - ARCOVERDE","PE - LAGOA DO CARRO","PE - NAZARE DA MATA","PE - CABO DE SANTO AGOSTINHO","PE - IGARASSU","PE - VICENCIA","PE - SANTA CRUZ DO CAPIBARIBE","PE - GOIANA","PE - TACAIMBO","PE - SALOA","PE - BOM CONSELHO","PE - LAJEDO","PE - ITAQUITINGA","PE - GARANHUNS","PE - SALGUEIRO","PE - ILHA DE ITAMARACA","PE - BUIQUE","PE - CANHOTINHO","PE - LIMOEIRO","PE - TIMBAUBA","PE - VERDEJANTE","PE - ABREU E LIMA","PE - PESQUEIRA","PE - RECIFE","PE - SERRA TALHADA","PE - PETROLINA","PE - PALMARES","PE - CARUARU","PE - MACAPARANA","PE - JABOATAO DOS GUARARAPES","PE - CARPINA","PB - SOLANEA","PB - PRINCESA ISABEL","PB - QUEIMADAS","PB - CUBATI","PB - ITAPORANGA","PB - SAO JOSE DE PIRANHAS","PB - COREMAS","PB - SOLEDADE","PB - ALAGOA GRANDE","PB - CUITE","PB - ALAGOA NOVA","PB - SANTA LUZIA","PB - ALAGOINHA","PB - CONCEICAO","PB - POMBAL","PB - PATOS","PB - ESPERANCA","PB - REMIGIO","PB - PIANCO","PB - TEIXEIRA","PB - JACARAU","PB - ALHANDRA","PB - TAPEROA","PB - SOUSA","PB - CATOLE DO ROCHA","PB - PEDRAS DE FOGO","PB - MONTEIRO","PB - LAGOA SECA","PB - AREIA","PB - MAMANGUAPE","PB - BAYEUX","PB - ARARUNA","PB - SANTA RITA","PB - CAJAZEIRAS","PB - INGA","PB - PILAR","PB - BANANEIRAS","PB - UIRAUNA","PB - SERRA BRANCA","PB - GUARABIRA","PB - JUAZEIRINHO","PB - SAO JOAO DO RIO DO PEIXE","PB - CAMPINA GRANDE","PB - UMBUZEIRO","PB - BELEM","PB - MALTA","PB - SAPE","PB - JOAO PESSOA","PB - ITABAIANA","PA - SALINOPOLIS","PA - REDENCAO","PA - PARAGOMINAS","PA - MOCAJUBA","PA - TUCURUI","PA - SAO FELIX DO XINGU","PA - ALTAMIRA","PA - ITAITUBA","PA - ABAETETUBA","PA - MARITUBA","PA - MARABA","PA - BREVES","PA - BRAGANCA","PA - CASTANHAL","PA - CAMETA","PA - VITORIA DO XINGU","PA - PARAUAPEBAS","PA - BENEVIDES","PA - SANTA IZABEL DO PARA","PA - BELEM","PA - TOME-ACU","PA - CAPANEMA","PA - ANANINDEUA","PA - SANTAREM","MT - ALTO ARAGUAIA","MT - SAO FELIX DO ARAGUAIA","MT - COMODORO","MT - SANTA TEREZINHA","MT - VILA RICA","MT - SANTO ANTONIO DO LEVERGER","MT - NOBRES","MT - MIRASSOL D OESTE","MT - SORRISO","MT - AGUA BOA","MT - CHAPADA DOS GUIMARAES","MT - ARENAPOLIS","MT - PORTO ALEGRE DO NORTE","MT - ALTA FLORESTA","MT - ARAPUTANGA","MT - PEIXOTO DE AZEVEDO","MT - BARRA DO BUGRES","MT - PRIMAVERA DO LESTE","MT - JACIARA","MT - DIAMANTINO","MT - JUARA","MT - BARRA DO GARCAS","MT - CACERES","MT - CAMPO NOVO DO PARECIS","MT - VARZEA GRANDE","MT - LUCAS DO RIO VERDE","MT - PONTES E LACERDA","MT - PARANATINGA","MT - PORTO DOS GAUCHOS","MT - SINOP","MT - NORTELANDIA","MT - JUINA","MT - CUIABA","MT - COLNIZA","MT - COLIDER","MT - RONDONOPOLIS","MS - COXIM","MS - IVINHEMA","MS - JATEI","MS - DOURADOS","MS - RIO BRILHANTE","MS - AMAMBAI","MS - DOIS IRMAOS DO BURITI","MS - JARDIM","MS - BATAGUASSU","MS - SAO GABRIEL DO OESTE","MS - NOVA ANDRADINA","MS - PONTA PORA","MS - NAVIRAI","MS - CAMPO GRANDE","MS - CORUMBA","MS - CASSILANDIA","MS - TRES LAGOAS","MS - CAARAPO","MS - AQUIDAUANA","MS - PARANAIBA","MG - CARLOS CHAGAS","MG - ITAJUBA","MG - SANTOS DUMONT","MG - GUARANESIA","MG - VICOSA","MG - NOVO CRUZEIRO","MG - ABAETE","MG - CANAPOLIS","MG - CORONEL FABRICIANO","MG - SANTA MARIA DO SUACUI","MG - SANTA LUZIA","MG - DIAMANTINA","MG - CONGONHAS","MG - BICAS","MG - PORTEIRINHA","MG - PECANHA","MG - BOA ESPERANCA","MG - BOCAIUVA","MG - JANAUBA","MG - CORINTO","MG - TRES PONTAS","MG - ITAUNA","MG - IPABA","MG - CARATINGA","MG - VISCONDE DO RIO BRANCO","MG - ITAMARANDIBA","MG - JABOTICATUBAS","MG - TARUMIRIM","MG - MANTENA","MG - BURITIS","MG - MANGA","MG - CURVELO","MG - TURMALINA","MG - PATOS DE MINAS","MG - CONSELHEIRO LAFAIETE","MG - MONTE SANTO DE MINAS","MG - MONTE CARMELO","MG - ALFENAS","MG - SANTA VITORIA","MG - JEQUITINHONHA","MG - ABRE CAMPO","MG - PARA DE MINAS","MG - BETIM","MG - ARAXA","MG - ARAGUARI","MG - LAVRAS","MG - MANHUACU","MG - SAO SEBASTIAO DO PARAISO","MG - TUPACIGUARA","MG - GUANHAES","MG - IBIRITE","MG - ANDRADAS","MG - OLIVEIRA","MG - DIVINOPOLIS","MG - ARCOS","MG - SANTA BARBARA","MG - PONTE NOVA","MG - BARBACENA","MG - PIUMHI","MG - FRANCISCO SA","MG - LAGOA DA PRATA","MG - CARMO DO PARANAIBA","MG - MURIAE","MG - POCOS DE CALDAS","MG - LEOPOLDINA","MG - UBA","MG - IPATINGA","MG - NOVA ERA","MG - CATAGUASES","MG - SAO LOURENCO","MG - COROMANDEL","MG - EUGENOPOLIS","MG - GOVERNADOR VALADARES","MG - TRES MARIAS","MG - FRUTAL","MG - SERRO","MG - JUIZ DE FORA","MG - SAO JOAQUIM DE BICAS","MG - RESENDE COSTA","MG - CONTAGEM","MG - PERDOES","MG - FORMIGA","MG - BELO HORIZONTE","MG - POUSO ALEGRE","MG - OURO PRETO","MG - UBERLANDIA","MG - CAPELINHA","MG - SAO FRANCISCO","MG - CAETE","MG - INHAPIM","MG - LAGOA SANTA","MG - PASSOS","MG - PATROCINIO","MG - VESPASIANO","MG - CONCEICAO DAS ALAGOAS","MG - TAIOBEIRAS","MG - ITURAMA","MG - RIO PIRACICABA","MG - ITUIUTABA","MG - SAO JOAO DEL REI","MG - PRATA","MG - ITABIRA","MG - ERVALIA","MG - VARGINHA","MG - JANUARIA","MG - SANTA RITA DO SAPUCAI","MG - NEPOMUCENO","MG - ITABIRITO","MG - SETE LAGOAS","MG - RIO POMBA","MG - ALMENARA","MG - JOAO PINHEIRO","MG - MALACACHETA","MG - PRESIDENTE OLEGARIO","MG - SALINAS","MG - SACRAMENTO","MG - TEOFILO OTONI","MG - BARAO DE COCAIS","MG - PARACATU","MG - MONTES CLAROS","MG - TRES CORACOES","MG - CAMPO BELO","MG - PEDRA AZUL","MG - CONSELHEIRO PENA","MG - JACINTO","MG - MARIANA","MG - ITAOBIM","MG - MANHUMIRIM","MG - UBERABA","MG - ALEM PARAIBA","MG - VARZEA DA PALMA","MG - UNAI","MG - JOAO MONLEVADE","MG - NOVA LIMA","MG - TIMOTEO","MG - PIRAPORA","MG - RIBEIRAO DAS NEVES","MA - CODO","MA - PINHEIRO","MA - GODOFREDO VIANA","MA - BREJO","MA - CAROLINA","MA - ITAPECURU MIRIM","MA - SAO JOAO DOS PATOS","MA - PACO DO LUMIAR","MA - SANTA INES","MA - GRAJAU","MA - BARRA DO CORDA","MA - GOVERNADOR NUNES FREIRE","MA - DAVINOPOLIS","MA - COROATA","MA - PORTO FRANCO","MA - ROSARIO","MA - IMPERATRIZ","MA - CHAPADINHA","MA - CAXIAS","MA - BACABAL","MA - ZE DOCA","MA - VIANA","MA - SAO LUIS","MA - ACAILANDIA","MA - TIMON","MA - BALSAS","MA - PEDREIRAS","MA - COLINAS","MA - PRESIDENTE DUTRA","GO - IPAMERI","GO - IPORA","GO - RUBIATABA","GO - ORIZONA","GO - NOVO GAMA","GO - CAIAPONIA","GO - GOIAS","GO - EDEIA","GO - URUANA","GO - VALPARAISO DE GOIAS","GO - POSSE","GO - CIDADE OCIDENTAL","GO - ALTO PARAISO DE GOIAS","GO - CERES","GO - QUIRINOPOLIS","GO - CATALAO","GO - JATAI","GO - PLANALTINA","GO - ACREUNA","GO - SANTA HELENA DE GOIAS","GO - SIMOLANDIA","GO - PIRES DO RIO","GO - JARAGUA","GO - ALEXANIA","GO - MINACU","GO - ITAUCU","GO - INHUMAS","GO - URUACU","GO - BARRO ALTO","GO - ARAGARCAS","GO - PONTALINA","GO - SANTO ANTONIO DO DESCOBERTO","GO - PALMEIRAS DE GOIAS","GO - ITABERAI","GO - NIQUELANDIA","GO - SAO MIGUEL DO ARAGUAIA","GO - APARECIDA DE GOIANIA","GO - CRISTALINA","GO - JUSSARA","GO - SENADOR CANEDO","GO - MORRINHOS","GO - BELA VISTA DE GOIAS","GO - PORANGATU","GO - GOIANAPOLIS","GO - SILVANIA","GO - LUZIANIA","GO - TRINDADE","GO - ISRAELANDIA","GO - INDIARA","GO - PADRE BERNARDO","GO - MOZARLANDIA","GO - RIO VERDE","GO - ITUMBIARA","GO - ITAPURANGA","GO - GOIANIA","GO - CALDAS NOVAS","GO - SANCLERLANDIA","GO - AGUAS LINDAS DE GOIAS","GO - CAMPOS BELOS","GO - ANAPOLIS","GO - GOIANESIA","GO - SAO LUIS DE MONTES BELOS","GO - FORMOSA","ES - ARACRUZ","ES - SAO DOMINGOS DO NORTE","ES - GUARAPARI","ES - MARATAIZES","ES - SERRA","ES - LINHARES","ES - VIANA","ES - BARRA DE SAO FRANCISCO","ES - VILA VELHA","ES - COLATINA","ES - CARIACICA","ES - CACHOEIRO DE ITAPEMIRIM","ES - SAO MATEUS","DF - BRASILIA","CE - MARACANAU","CE - BARBALHA","CE - PACATUBA","CE - CRATO","CE - CEDRO","CE - FORTIM","CE - IGUATU","CE - ICO","CE - AQUIRAZ","CE - CAUCAIA","CE - CRATEUS","CE - SOBRAL","CE - ITAITINGA","CE - JUAZEIRO DO NORTE","CE - TIANGUA","CE - FORTALEZA","BA - CAMACARI","BA - IRECE","BA - CAETITE","BA - TEIXEIRA DE FREITAS","BA - LAURO DE FREITAS","BA - EUNAPOLIS","BA - ITABUNA","BA - JEQUIE","BA - FEIRA DE SANTANA","BA - ILHEUS","BA - VALENCA","BA - PAULO AFONSO","BA - SERRINHA","BA - VITORIA DA CONQUISTA","BA - BARREIRAS","BA - JUAZEIRO","BA - SIMOES FILHO","BA - SALVADOR","AP - MACAPA","AM - PARINTINS","AM - TABATINGA","AM - MAUES","AM - COARI","AM - TEFE","AM - HUMAITA","AM - ITACOATIARA","AM - MANACAPURU","AM - MANAUS","AL - PILAR","AL - GIRAU DO PONCIANO","AL - RIO LARGO","AL - MACEIO","AC - FEIJO","AC - TARAUACA","AC - SENA MADUREIRA","AC - BRASILEIA","AC - CRUZEIRO DO SUL","AC - RIO BRANCO","AC - SENADOR GUIOMARD"]