["TO - WANDERLANDIA","TO - XAMBIOA","TO - TOCANTINOPOLIS","TO - TAGUATINGA","TO - PALMAS","TO - SITIO NOVO DO TOCANTINS","TO - SANTA FE DO ARAGUAIA","TO - PEIXE","TO - PORTO NACIONAL","TO - PEDRO AFONSO","TO - PARAISO DO TOCANTINS","TO - PALMEIROPOLIS","TO - NOVO ACORDO","TO - NATIVIDADE","TO - ITACAJA","TO - MIRACEMA DO TOCANTINS","TO - GURUPI","TO - FORMOSO DO ARAGUAIA","TO - GUARAI","TO - ESPERANTINA","TO - DIANOPOLIS","TO - CRISTALANDIA","TO - COLINAS DO TOCANTINS","TO - AUGUSTINOPOLIS","TO - BREJINHO DE NAZARE","TO - ARRAIAS","TO - ARAPOEMA","TO - ARAGUATINS","TO - ARAGUANA","TO - ANANAS","TO - ARAGUAINA","SP - VOTUPORANGA","SP - VOTORANTIM","SP - VINHEDO","SP - VARZEA PAULISTA","SP - VARGEM GRANDE PAULISTA","SP - VARGEM GRANDE DO SUL","SP - VALINHOS","SP - UBATUBA","SP - TUPA","SP - TIETE","SP - TEODORO SAMPAIO","SP - TAUBATE","SP - TATUI","SP - TAQUARITINGA","SP - TAPIRATIBA","SP - SUZANO","SP - TABOAO DA SERRA","SP - SUMARE","SP - SOCORRO","SP - SOROCABA","SP - SERTAOZINHO","SP - SAO VICENTE","SP - SERRANA","SP - SAO SEBASTIAO","SP - SAO PAULO","SP - SAO ROQUE","SP - SAO MIGUEL ARCANJO","SP - SAO MANUEL","SP - SAO JOSE DOS CAMPOS","SP - SAO JOSE DO RIO PRETO","SP - SAO JOSE DO RIO PARDO","SP - SAO JOAQUIM DA BARRA","SP - SAO JOAO DA BOA VISTA","SP - SAO CARLOS","SP - SAO CAETANO DO SUL","SP - SANTOS","SP - SAO BERNARDO DO CAMPO","SP - SANTO ANDRE","SP - SANTANA DE PARNAIBA","SP - SANTA ROSA DE VITERBO","SP - SANTA ISABEL","SP - SANTA CRUZ DO RIO PARDO","SP - SANTA FE DO SUL","SP - SANTA BARBARA DOESTE","SP - SALTO","SP - SALTO DE PIRAPORA","SP - ROSANA","SP - RIO GRANDE DA SERRA","SP - RIBEIRAO PRETO","SP - RIO CLARO","SP - RIBEIRAO PIRES","SP - REGISTRO","SP - RANCHARIA","SP - PROMISSAO","SP - PRESIDENTE VENCESLAU","SP - PRESIDENTE PRUDENTE","SP - PRESIDENTE EPITACIO","SP - PRAIA GRANDE","SP - PORTO FERREIRA","SP - PORTO FELIZ","SP - PONTAL","SP - POA","SP - PITANGUEIRAS","SP - PIRASSUNUNGA","SP - PIRAJUI","SP - PIRAJU","SP - PINDAMONHANGABA","SP - PIRACICABA","SP - PILAR DO SUL","SP - PERUIBE","SP - PIEDADE","SP - PEREIRA BARRETO","SP - PENAPOLIS","SP - PEDERNEIRAS","SP - PEDREIRA","SP - PAULINIA","SP - PARAGUACU PAULISTA","SP - OURINHOS","SP - OSVALDO CRUZ","SP - OSASCO","SP - ORLANDIA","SP - OLIMPIA","SP - NOVO HORIZONTE","SP - NOVA ODESSA","SP - MONTE MOR","SP - MONTE APRAZIVEL","SP - MONGAGUA","SP - MONTE ALTO","SP - MOJI MIRIM","SP - MOGI DAS CRUZES","SP - MOGI GUACU","SP - MOCOCA","SP - MIRASSOL","SP - MIRANTE DO PARANAPANEMA","SP - MIRANDOPOLIS","SP - MIRACATU","SP - MATAO","SP - MAUA","SP - MARTINOPOLIS","SP - MARILIA","SP - MAIRINQUE","SP - MAIRIPORA","SP - LOUVEIRA","SP - LORENA","SP - LIMEIRA","SP - LINS","SP - LENCOIS PAULISTA","SP - LEME","SP - JUQUITIBA","SP - JUNDIAI","SP - JOSE BONIFACIO","SP - JAU","SP - JARDINOPOLIS","SP - JANDIRA","SP - JALES","SP - JAGUARIUNA","SP - JACAREI","SP - JABOTICABAL","SP - ITUVERAVA","SP - ITUPEVA","SP - ITU","SP - ITATIBA","SP - ITARARE","SP - ITAQUAQUECETUBA","SP - ITAPOLIS","SP - ITAPIRA","SP - ITAPEVI","SP - ITAPETININGA","SP - ITAPEVA","SP - ITAPECERICA DA SERRA","SP - ITANHAEM","SP - ITAI","SP - INDAIATUBA","SP - ILHA SOLTEIRA","SP - ILHABELA","SP - IGUAPE","SP - IBIUNA","SP - IBITINGA","SP - IBATE","SP - HORTOLANDIA","SP - GUARULHOS","SP - GUARUJA","SP - GUARATINGUETA","SP - GUARARAPES","SP - GUAIRA","SP - GARCA","SP - FRANCO DA ROCHA","SP - FRANCA","SP - FRANCISCO MORATO","SP - FERRAZ DE VASCONCELOS","SP - FERNANDOPOLIS","SP - ESPIRITO SANTO DO PINHAL","SP - EMBUGUACU","SP - EMBU DAS ARTES","SP - ELDORADO","SP - DRACENA","SP - DIADEMA","SP - CUBATAO","SP - CRUZEIRO","SP - COTIA","SP - COSMOPOLIS","SP - CERQUEIRA CESAR","SP - CERQUILHO","SP - CATANDUVA","SP - CASA BRANCA","SP - CARAPICUIBA","SP - CARAGUATATUBA","SP - CAPIVARI","SP - CAPAO BONITO","SP - CANDIDO MOTA","SP - CAMPOS DO JORDAO","SP - CAMPINAS","SP - CAMPO LIMPO PAULISTA","SP - CAJURU","SP - CAJAMAR","SP - CAJATI","SP - CAIEIRAS","SP - CACHOEIRA PAULISTA","SP - CACAPAVA","SP - CABREUVA","SP - BRAGANCA PAULISTA","SP - BOTUCATU","SP - BOITUVA","SP - BERTIOGA","SP - BIRIGUI","SP - BEBEDOURO","SP - BAURU","SP - BATATAIS","SP - BARUERI","SP - BARRETOS","SP - BARRINHA","SP - BARRA DO TURVO","SP - BARRA BONITA","SP - AVARE","SP - ATIBAIA","SP - AURIFLAMA","SP - ASSIS","SP - ARUJA","SP - ARARAS","SP - ARTUR NOGUEIRA","SP - ARARAQUARA","SP - ARACOIABA DA SERRA","SP - ARACATUBA","SP - APIAI","SP - ANDRADINA","SP - APARECIDA","SP - AMPARO","SP - AGUDOS","SP - AMERICANA","SP - ADAMANTINA","SE - UMBAUBA","SE - TOBIAS BARRETO","SE - SIMAO DIAS","SE - RIACHUELO","SE - SAO CRISTOVAO","SE - PROPRIA","SE - PORTO DA FOLHA","SE - POCO VERDE","SE - NOSSA SENHORA DO SOCORRO","SE - POCO REDONDO","SE - NOSSA SENHORA DAS DORES","SE - NOSSA SENHORA DA GLORIA","SE - NEOPOLIS","SE - NOSSA SENHORA APARECIDA","SE - MONTE ALEGRE DE SERGIPE","SE - MARUIM","SE - LARANJEIRAS","SE - JAPARATUBA","SE - LAGARTO","SE - ITAPORANGA DAJUDA","SE - ITABAIANA","SE - ITABAIANINHA","SE - INDIAROBA","SE - GARARU","SE - ESTANCIA","SE - CARMOPOLIS","SE - CAPELA","SE - CARIRA","SE - CANINDE DE SAO FRANCISCO","SE - BOQUIM","SE - CAMPO DO BRITO","SE - AREIA BRANCA","SE - ARACAJU","SC - XAXIM","SC - XANXERE","SC - VIDEIRA","SC - TIMBO","SC - TUBARAO","SC - TIJUCAS","SC - TAIO","SC - SEARA","SC - SOMBRIO","SC - SAO MIGUEL DO OESTE","SC - SAO LOURENCO DO OESTE","SC - SAO JOSE","SC - SAO JOAQUIM","SC - SAO FRANCISCO DO SUL","SC - SAO BENTO DO SUL","SC - RIO NEGRINHO","SC - RIO DO SUL","SC - QUILOMBO","SC - PORTO UNIAO","SC - PALHOCA","SC - PALMITOS","SC - ORLEANS","SC - NAVEGANTES","SC - MARAVILHA","SC - MAFRA","SC - LAGES","SC - LAGUNA","SC - JOINVILLE","SC - JOACABA","SC - ITUPORANGA","SC - JARAGUA DO SUL","SC - ITAPIRANGA","SC - ITAJAI","SC - ITAPEMA","SC - INDAIAL","SC - IMBITUBA","SC - ICARA","SC - GAROPABA","SC - GUARAMIRIM","SC - FRAIBURGO","SC - FLORIANOPOLIS","SC - CURITIBANOS","SC - DIONISIO CERQUEIRA","SC - CRICIUMA","SC - CHAPECO","SC - CONCORDIA","SC - CANOINHAS","SC - CAMBORIU","SC - CAMPOS NOVOS","SC - CACADOR","SC - BRUSQUE","SC - BRACO DO NORTE","SC - BLUMENAU","SC - BIGUACU","SC - BALNEARIO CAMBORIU","RS - VIAMAO","SC - ARARANGUA","RS - VERANOPOLIS","RS - VENANCIO AIRES","RS - VACARIA","RS - URUGUAIANA","RS - TRES PASSOS","RS - TRES DE MAIO","RS - TRAMANDAI","RS - TORRES","RS - TEUTONIA","RS - TAQUARI","RS - TAQUARA","RS - TAPEJARA","RS - SOLEDADE","RS - SOBRADINHO","RS - SAPUCAIA DO SUL","RS - SARANDI","RS - SAPIRANGA","RS - SAO VICENTE DO SUL","RS - SAO SEPE","RS - SAO MARCOS","RS - SAO LUIZ GONZAGA","RS - SAO LOURENCO DO SUL","RS - SAO LEOPOLDO","RS - SAO JERONIMO","RS - SAO JOSE DO NORTE","RS - SAO GABRIEL","RS - SAO BORJA","RS - SANTO ANTONIO DA PATRULHA","RS - SANTO ANGELO","RS - SANTIAGO","RS - SANTA ROSA","RS - SANTA VITORIA DO PALMAR","RS - SANTANA DO LIVRAMENTO","RS - SANTA CRUZ DO SUL","RS - SANTA MARIA","RS - ROSARIO DO SUL","RS - RIO GRANDE","RS - RIO PARDO","RS - QUARAI","RS - PIRATINI","RS - PORTO ALEGRE","RS - PINHEIRO MACHADO","RS - PASSO FUNDO","RS - PELOTAS","RS - PAROBE","RS - PANAMBI","RS - PALMEIRA DAS MISSOES","RS - OSORIO","RS - NOVO HAMBURGO","RS - NOVA PRATA","RS - NOVA PETROPOLIS","RS - MOSTARDAS","RS - MONTENEGRO","RS - MARAU","RS - MACHADINHO","RS - LAJEADO","RS - LAGOA VERMELHA","RS - JAGUARAO","RS - JULIO DE CASTILHOS","RS - IVOTI","RS - IMBE","RS - ITAQUI","RS - IJUI","RS - IGREJINHA","RS - HORIZONTINA","RS - GUAPORE","RS - GUAIBA","RS - GRAVATAI","RS - GETULIO VARGAS","RS - GIRUA","RS - GARIBALDI","RS - FARROUPILHA","RS - FREDERICO WESTPHALEN","RS - ESTRELA","RS - ESTEIO","RS - ESTANCIA VELHA","RS - ESPUMOSO","RS - ERECHIM","RS - ENCRUZILHADA DO SUL","RS - ENCANTADO","RS - ELDORADO DO SUL","RS - DOIS IRMAOS","RS - DOM PEDRITO","RS - CRUZ ALTA","RS - CHARQUEADAS","RS - CAXIAS DO SUL","RS - CERRO LARGO","RS - CARLOS BARBOSA","RS - CARAZINHO","RS - CAPAO DO LEAO","RS - CAPAO DA CANOA","RS - CANGUCU","RS - CANOAS","RS - CANELA","RS - CAMPO BOM","RS - CAMAQUA","RS - CACHOEIRINHA","RS - CACHOEIRA DO SUL","RS - CACAPAVA DO SUL","RS - BENTO GONCALVES","RS - BUTIA","RS - BAGE","RS - ARROIO DO MEIO","RS - ARROIO GRANDE","RS - ALVORADA","RS - ALEGRETE","RR - UIRAMUTA","RR - SAO JOAO DA BALIZA","RR - RORAINOPOLIS","RR - MUCAJAI","RR - PACARAIMA","RR - CARACARAI","RR - BONFIM","RR - BOA VISTA","RR - ALTO ALEGRE","RR - AMAJARI","RO - MONTE NEGRO","RO - SAO FRANCISCO DO GUAPORE","RO - MIRANTE DA SERRA","RO - BURITIS","RO - ALTO PARAISO","RO - ALVORADA DOESTE","RO - VILHENA","RO - SAO MIGUEL DO GUAPORE","RO - ROLIM DE MOURA","RO - PRESIDENTE MEDICI","RO - PIMENTA BUENO","RO - PORTO VELHO","RO - OURO PRETO DO OESTE","RO - NOVA BRASILANDIA DOESTE","RO - JIPARANA","RO - MACHADINHO DOESTE","RO - JARU","RO - GUAJARAMIRIM","RO - ESPIGAO DOESTE","RO - COSTA MARQUES","RO - CEREJEIRAS","RO - COLORADO DO OESTE","RO - CACOAL","RO - ARIQUEMES","RO - ALTA FLORESTA DOESTE","RN - VERA CRUZ","RN - UMARIZAL","RN - SAO PAULO DO POTENGI","RN - TOUROS","RN - SAO MIGUEL","RN - SAO JOSE DE MIPIBU","RN - SAO GONCALO DO AMARANTE","RN - SANTO ANTONIO","RN - SANTA CRUZ","RN - TIBAU","RN - PORTALEGRE","RN - PAU DOS FERROS","RN - PATU","RN - PARELHAS","RN - NOVA CRUZ","RN - NATAL","RN - NISIA FLORESTA","RN - MOSSORO","RN - MACAIBA","RN - MACAU","RN - JUCURUTU","RN - LUIS GOMES","RN - JOAO CAMARA","RN - JARDIM DE PIRANHAS","RN - IPANGUACU","RN - GOIANINHA","RN - PARNAMIRIM","RN - EXTREMOZ","RN - CURRAIS NOVOS","RN - CEARAMIRIM","RN - CARAUBAS","RN - CANGUARETAMA","RN - BARAUNA","RN - CAICO","RN - AREIA BRANCA","RN - ANGICOS","RN - APODI","RN - ALTO DO RODRIGUES","RN - ALEXANDRIA","RN - ACU","RN - ACARI","RJ - VOLTA REDONDA","RJ - VALENCA","RJ - VASSOURAS","RJ - TRES RIOS","RJ - TERESOPOLIS","RJ - SEROPEDICA","RJ - SAQUAREMA","RJ - SAO JOAO DE MERITI","RJ - SAO PEDRO DA ALDEIA","RJ - SAO JOAO DA BARRA","RJ - SAO GONCALO","RJ - SAO FIDELIS","RJ - SAO FRANCISCO DE ITABAPOANA","RJ - SANTO ANTONIO DE PADUA","RJ - RIO DAS OSTRAS","RJ - RIO DE JANEIRO","RJ - RIO BONITO","RJ - RESENDE","RJ - QUISSAMA","RJ - QUEIMADOS","RJ - PETROPOLIS","RJ - PARATY","RJ - PARAIBA DO SUL","RJ - PARACAMBI","RJ - NOVA FRIBURGO","RJ - NOVA IGUACU","RJ - NITEROI","RJ - NILOPOLIS","RJ - MIRACEMA","RJ - MIGUEL PEREIRA","RJ - MARICA","RJ - MESQUITA","RJ - MANGARATIBA","RJ - MACAE","RJ - MAGE","RJ - JAPERI","RJ - ITAPERUNA","RJ - ITAOCARA","RJ - ITAGUAI","RJ - ITABORAI","RJ - GUAPIMIRIM","RJ - IGUABA GRANDE","RJ - DUQUE DE CAXIAS","RJ - CASIMIRO DE ABREU","RJ - CAMPOS DOS GOYTACAZES","RJ - CACHOEIRAS DE MACACU","RJ - CABO FRIO","RJ - BOM JESUS DO ITABAPOANA","RJ - BELFORD ROXO","RJ - BARRA MANSA","RJ - BARRA DO PIRAI","RJ - ARARUAMA","RJ - ANGRA DOS REIS","PR - WENCESLAU BRAZ","PR - UNIAO DA VITORIA","PR - UMUARAMA","PR - UBIRATA","PR - TOLEDO","PR - SARANDI","PR - TELEMACO BORBA","PR - SAO MIGUEL DO IGUACU","PR - SAO MATEUS DO SUL","PR - SAO JOSE DOS PINHAIS","PR - SANTO ANTONIO DA PLATINA","PR - SANTA TEREZINHA DE ITAIPU","PR - SANTA HELENA","PR - RIO NEGRO","PR - ROLANDIA","PR - RIO BRANCO DO SUL","PR - REALEZA","PR - QUATRO BARRAS","PR - QUEDAS DO IGUACU","PR - PRUDENTOPOLIS","PR - PORECATU","PR - PONTA GROSSA","PR - PITANGA","PR - PIRAQUARA","PR - PINHAO","PR - PINHAIS","PR - PATO BRANCO","PR - PARANAGUA","PR - PARANAVAI","PR - PALOTINA","PR - PALMEIRA","PR - PAICANDU","PR - PALMAS","PR - NOVA ESPERANCA","PR - MEDIANEIRA","PR - MAUA DA SERRA","PR - MATINHOS","PR - MARINGA","PR - MARIALVA","PR - MANDIRITUBA","PR - MARECHAL CANDIDO RONDON","PR - LONDRINA","PR - LARANJEIRAS DO SUL","PR - LOANDA","PR - LAPA","PR - JANDAIA DO SUL","PR - JAGUARIAIVA","PR - JACAREZINHO","PR - IVAIPORA","PR - IVAI","PR - IRATI","PR - IBIPORA","PR - IBAITI","PR - GUARAPUAVA","PR - GUARATUBA","PR - GUAIRA","PR - GOIOERE","PR - FRANCISCO BELTRAO","PR - FOZ DO IGUACU","PR - FAZENDA RIO GRANDE","PR - DOIS VIZINHOS","PR - CURITIBA","PR - CORONEL VIVIDA","PR - CORNELIO PROCOPIO","PR - COLORADO","PR - COLOMBO","PR - CIANORTE","PR - CLEVELANDIA","PR - CHOPINZINHO","PR - CASTRO","PR - CASCAVEL","PR - CAPANEMA","PR - CAMPO MOURAO","PR - CAMPO MAGRO","PR - CAMPO LARGO","PR - CAMPINA GRANDE DO SUL","PR - CAMBE","PR - CAFELANDIA","PR - BANDEIRANTES","PR - ASTORGA","PR - ASSIS CHATEAUBRIAND","PR - ASSAI","PR - ARAPOTI","PR - ARAUCARIA","PR - ARAPONGAS","PR - AMPERE","PR - APUCARANA","PR - ALVORADA DO SUL","PR - ALMIRANTE TAMANDARE","PI - VALENCA DO PIAUI","PI - URUCUI","PI - UNIAO","PI - SAO RAIMUNDO NONATO","PI - TERESINA","PI - SAO PEDRO DO PIAUI","PI - SAO JOAO DO PIAUI","PI - SANTA FILOMENA","PI - REGENERACAO","PI - PIRIPIRI","PI - PIRACURUCA","PI - PIO IX","PI - PICOS","PI - PEDRO II","PI - PAULISTANA","PI - OEIRAS","PI - PARNAIBA","PI - MONTE ALEGRE DO PIAUI","PI - MIGUEL ALVES","PI - MONSENHOR GIL","PI - MARCOS PARENTE","PI - LUZILANDIA","PI - LUIS CORREIA","PI - LANDRI SALES","PI - FLORIANO","PI - JOSE DE FREITAS","PI - ESPERANTINA","PI - CORRENTE","PI - COCAL","PI - CASTELO DO PIAUI","PI - CANTO DO BURITI","PI - CAMPO MAIOR","PI - BURITI DOS LOPES","PI - BATALHA","PI - BOM JESUS","PI - BARRAS","PI - BAIXA GRANDE DO RIBEIRO","PI - AMARANTE","PI - AVELINO LOPES","PI - ALTOS","PE - VITORIA DE SANTO ANTAO","PI - AGUA BRANCA","PE - VICENCIA","PE - TRIUNFO","PE - TIMBAUBA","PE - TABIRA","PE - SURUBIM","PE - SERTANIA","PE - SERRA TALHADA","PE - SAO LOURENCO DA MATA","PE - SAO JOSE DO EGITO","PE - SAO JOSE DO BELMONTE","PE - SAO CAITANO","PE - SAO BENTO DO UNA","PE - SANTA MARIA DA BOA VISTA","PE - SANTA CRUZ DO CAPIBARIBE","PE - SALGUEIRO","PE - RIO FORMOSO","PE - RIBEIRAO","PE - RECIFE","PE - PETROLINA","PE - PETROLANDIA","PE - PESQUEIRA","PE - PAULISTA","PE - PAUDALHO","PE - PASSIRA","PE - PANELAS","PE - PARNAMIRIM","PE - PALMARES","PE - OROBO","PE - OURICURI","PE - OLINDA","PE - NAZARE DA MATA","PE - MORENO","PE - MIRANDIBA","PE - MACAPARANA","PE - LIMOEIRO","PE - LAJEDO","PE - LAGOA GRANDE","PE - LAGOA DE ITAENGA","PE - JABOATAO DOS GUARARAPES","PE - ITAMBE","PE - IPUBI","PE - IGARASSU","PE - IPOJUCA","PE - IBIMIRIM","PE - GOIANA","PE - GRAVATA","PE - GLORIA DO GOITA","PE - FLORESTA","PE - GARANHUNS","PE - FERNANDO DE NORONHA","PE - ESCADA","PE - EXU","PE - CUSTODIA","PE - CATENDE","PE - CUPIRA","PE - CARUARU","PE - CARPINA","PE - CARNAIBA","PE - CARNAUBEIRA DA PENHA","PE - CAMARAGIBE","PE - CABROBO","PE - CAETES","PE - CABO DE SANTO AGOSTINHO","PE - BREJO DA MADRE DE DEUS","PE - BONITO","PE - BOM JARDIM","PE - BOM CONSELHO","PE - BEZERROS","PE - BELO JARDIM","PE - BELEM DO SAO FRANCISCO","PE - ARCOVERDE","PE - BARREIROS","PE - ARARIPINA","PE - ALTINHO","PE - ARACOIABA","PE - ALIANCA","PE - AGUA PRETA","PE - AGUAS BELAS","PE - AGRESTINA","PE - AFRANIO","PE - AFOGADOS DA INGAZEIRA","PE - ABREU E LIMA","PB - TAVARES","PB - UIRAUNA","PB - TAPEROA","PB - SUME","PB - SOUSA","PB - SOLEDADE","PB - SOLANEA","PB - SAO VICENTE DO SERIDO","PB - SAPE","PB - SAO SEBASTIAO DE LAGOA DE ROCA","PB - SAO BENTO","PB - SAO JOSE DE PIRANHAS","PB - SANTA RITA","PB - SANTA LUZIA","PB - RIO TINTO","PB - REMIGIO","PB - PRINCESA ISABEL","PB - QUEIMADAS","PB - POMBAL","PB - POCINHOS","PB - PICUI","PB - PIANCO","PB - PATOS","PB - MONTEIRO","PB - MARI","PB - MAMANGUAPE","PB - JUAZEIRINHO","PB - JOAO PESSOA","PB - JACARAU","PB - ITAPOROROCA","PB - ITAPORANGA","PB - ITABAIANA","PB - INGA","PB - GUARABIRA","PB - ESPERANCA","PB - DIAMANTE","PB - CUITE","PB - CONCEICAO","PB - CATOLE DO ROCHA","PB - CAJAZEIRAS","PB - CAMPINA GRANDE","PB - CACIMBA DE DENTRO","PB - CABEDELO","PB - BOQUEIRAO","PB - CAAPORA","PB - BAYEUX","PB - BANANEIRAS","PB - AROEIRAS","PB - AREIA","PB - ARARUNA","PB - ALHANDRA","PB - SAO JOAO DO RIO DO PEIXE","PB - ALAGOINHA","PB - ALAGOA NOVA","PB - ALAGOA GRANDE","PA - XINGUARA","PA - VITORIA DO XINGU","PA - VISEU","PA - VIGIA","PA - URUARA","PA - TUCURUI","PA - TUCUMA","PA - TOMEACU","PA - TAILANDIA","PA - SENADOR JOSE PORFIRIO","PA - SOURE","PA - SAO SEBASTIAO DA BOA VISTA","PA - SAO MIGUEL DO GUAMA","PA - SAO GERALDO DO ARAGUAIA","PA - SAO FELIX DO XINGU","PA - SAO DOMINGOS DO CAPIM","PA - SANTAREM","PA - SANTANA DO ARAGUAIA","PA - SANTA IZABEL DO PARA","PA - SALVATERRA","PA - SALINOPOLIS","PA - RUROPOLIS","PA - RONDON DO PARA","PA - REDENCAO","PA - PRAINHA","PA - PORTO DE MOZ","PA - PORTEL","PA - PONTA DE PEDRAS","PA - PARAUAPEBAS","PA - PARAGOMINAS","PA - PACAJA","PA - OUREM","PA - ORIXIMINA","PA - OBIDOS","PA - OEIRAS DO PARA","PA - NOVO REPARTIMENTO","PA - NOVO PROGRESSO","PA - NOVA ESPERANCA DO PIRIA","PA - MUANA","PA - MONTE ALEGRE","PA - MOJU","PA - MOCAJUBA","PA - MELGACO","PA - MARITUBA","PA - MARACANA","PA - MARABA","PA - MAE DO RIO","PA - LIMOEIRO DO AJURU","PA - JURUTI","PA - JACUNDA","PA - ITUPIRANGA","PA - JACAREACANGA","PA - ITAITUBA","PA - IGARAPEACU","PA - IGARAPEMIRI","PA - GURUPA","PA - GOIANESIA DO PARA","PA - FLORESTA DO ARAGUAIA","PA - ELDORADO DO CARAJAS","PA - CURUCA","PA - DOM ELISEU","PA - CURRALINHO","PA - CONCORDIA DO PARA","PA - CONCEICAO DO ARAGUAIA","PA - CHAVES","PA - CASTANHAL","PA - CAPITAO POCO","PA - CAPANEMA","PA - CANAA DOS CARAJAS","PA - CAMETA","PA - CACHOEIRA DO PIRIA","PA - BREVES","PA - BUJARU","PA - BREU BRANCO","PA - BRAGANCA","PA - BELEM","PA - BENEVIDES","PA - BARCARENA","PA - BAIAO","PA - BAGRE","PA - AURORA DO PARA","PA - AUGUSTO CORREA","PA - ANANINDEUA","PA - ANAJAS","PA - ALTAMIRA","PA - ALMEIRIM","PA - ALENQUER","PA - ACARA","PA - ABAETETUBA","MT - NOVA MONTE VERDE","MT - VILA RICA","MT - VARZEA GRANDE","MT - TERRA NOVA DO NORTE","MT - TANGARA DA SERRA","MT - SINOP","MT - SORRISO","MT - SAPEZAL","MT - SANTO ANTONIO DO LEVERGER","MT - SAO FELIX DO ARAGUAIA","MT - ROSARIO OESTE","MT - RONDONOPOLIS","MT - SAO JOSE DOS QUATRO MARCOS","MT - SAO JOSE DO RIO CLARO","MT - QUERENCIA","MT - PRIMAVERA DO LESTE","MT - POXEREU","MT - PONTES E LACERDA","MT - PORTO ESPERIDIAO","MT - POCONE","MT - PEIXOTO DE AZEVEDO","MT - PEDRA PRETA","MT - PARANATINGA","MT - NOVA XAVANTINA","MT - NOVA OLIMPIA","MT - NOSSA SENHORA DO LIVRAMENTO","MT - NOVA MUTUM","MT - MIRASSOL DOESTE","MT - MARCELANDIA","MT - LUCAS DO RIO VERDE","MT - JURUENA","MT - JUINA","MT - JUARA","MT - JACIARA","MT - ITIQUIRA","MT - GUIRATINGA","MT - GUARANTA DO NORTE","MT - FELIZ NATAL","MT - CUIABA","MT - DIAMANTINO","MT - CONFRESA","MT - COLNIZA","MT - COMODORO","MT - COLIDER","MT - CHAPADA DOS GUIMARAES","MT - CARLINDA","MT - CAMPO VERDE","MT - CANARANA","MT - CAMPO NOVO DO PARECIS","MT - BRASNORTE","MT - CACERES","MT - BARRA DO GARCAS","MT - BARRA DO BUGRES","MT - ARIPUANA","MT - ARENAPOLIS","MT - ARAPUTANGA","MT - ALTA FLORESTA","MS - TRES LAGOAS","MT - AGUA BOA","MS - SETE QUEDAS","MS - SIDROLANDIA","MS - SAO GABRIEL DO OESTE","MS - RIO BRILHANTE","MS - RIO VERDE DE MATO GROSSO","MS - RIBAS DO RIO PARDO","MS - PORTO MURTINHO","MS - PONTA PORA","MS - PARANAIBA","MS - NOVA ANDRADINA","MS - NIOAQUE","MS - MIRANDA","MS - NAVIRAI","MS - MARACAJU","MS - LADARIO","MS - JATEI","MS - JARDIM","MS - ITAQUIRAI","MS - IVINHEMA","MS - ITAPORA","MS - FATIMA DO SUL","MS - DOURADOS","MS - DOIS IRMAOS DO BURITI","MS - COXIM","MS - COSTA RICA","MS - CORUMBA","MS - CHAPADAO DO SUL","MS - CASSILANDIA","MS - CAMPO GRANDE","MS - CAMAPUA","MS - CAARAPO","MS - BONITO","MS - BODOQUENA","MS - BATAGUASSU","MS - BELA VISTA","MS - AQUIDAUANA","MS - APARECIDA DO TABOADO","MS - ANASTACIO","MS - AGUA CLARA","MS - AMAMBAI","MG - VISCONDE DO RIO BRANCO","MG - VICOSA","MG - VIRGINOPOLIS","MG - VESPASIANO","MG - VAZANTE","MG - VARZEA DA PALMA","MG - VARZELANDIA","MG - VARGINHA","MG - UNAI","MG - UBERLANDIA","MG - UBA","MG - UBERABA","MG - TUPACIGUARA","MG - TURMALINA","MG - TRES PONTAS","MG - TRES MARIAS","MG - TIMOTEO","MG - TRES CORACOES","MG - TEOFILO OTONI","MG - TAIOBEIRAS","MG - SETE LAGOAS","MG - SERRO","MG - SAO SEBASTIAO DO PARAISO","MG - SAO ROMAO","MG - SAO MIGUEL DO ANTA","MG - SAO LOURENCO","MG - SAO JOSE DA LAPA","MG - SAO JOAQUIM DE BICAS","MG - SAO JOAO NEPOMUCENO","MG - SAO JOAO EVANGELISTA","MG - SAO JOAO DEL REI","MG - SAO JOAO DO PARAISO","MG - SAO GOTARDO","MG - SAO GONCALO DO SAPUCAI","MG - SAO FRANCISCO","MG - SANTOS DUMONT","MG - SANTA RITA DO SAPUCAI","MG - SANTA LUZIA","MG - SANTA MARIA DO SUACUI","MG - SANTA BARBARA","MG - SABARA","MG - SALINAS","MG - RIO PARDO DE MINAS","MG - RIBEIRAO DAS NEVES","MG - PORTEIRINHA","MG - POUSO ALEGRE","MG - PONTE NOVA","MG - POCOS DE CALDAS","MG - POMPEU","MG - PIUMHI","MG - PITANGUI","MG - PIRAPORA","MG - PIRANGA","MG - PEDRO LEOPOLDO","MG - PATROCINIO","MG - PEDRA AZUL","MG - PATOS DE MINAS","MG - PASSOS","MG - PARAOPEBA","MG - PARA DE MINAS","MG - PARACATU","MG - PADRE PARAISO","MG - OURO PRETO","MG - OURO FINO","MG - OURO BRANCO","MG - OLIVEIRA","MG - NOVO CRUZEIRO","MG - NOVA SERRANA","MG - NOVA LIMA","MG - NOVA ERA","MG - NEPOMUCENO","MG - NANUQUE","MG - MUZAMBINHO","MG - MUTUM","MG - MURIAE","MG - MONTE SIAO","MG - MONTES CLAROS","MG - MONTE CARMELO","MG - MONTE AZUL","MG - MINAS NOVAS","MG - MATOZINHOS","MG - MATEUS LEME","MG - MARIANA","MG - MANTENA","MG - MANHUACU","MG - MANHUMIRIM","MG - MANGA","MG - MALACACHETA","MG - MACHACALIS","MG - MACHADO","MG - LUZ","MG - LONTRA","MG - LIMA DUARTE","MG - LEOPOLDINA","MG - LAVRAS","MG - LAMBARI","MG - LAGOA SANTA","MG - LAGOA DA PRATA","MG - LADAINHA","MG - JUIZ DE FORA","MG - JUATUBA","MG - JOAO PINHEIRO","MG - JEQUITINHONHA","MG - JOAO MONLEVADE","MG - JANUARIA","MG - JANAUBA","MG - JAIBA","MG - JACINTO","MG - ITURAMA","MG - ITUIUTABA","MG - ITAOBIM","MG - ITAUNA","MG - ITAMARANDIBA","MG - ITAJUBA","MG - ITACARAMBI","MG - ITABIRITO","MG - ITABIRA","MG - IPATINGA","MG - INCONFIDENTES","MG - INHAPIM","MG - IGARAPE","MG - GUAXUPE","MG - IBIRITE","MG - GUANHAES","MG - FRUTAL","MG - GOVERNADOR VALADARES","MG - FRANCISCO SA","MG - FORMIGA","MG - EXTREMA","MG - ESPINOSA","MG - ERVALIA","MG - ESMERALDAS","MG - ENTRE RIOS DE MINAS","MG - ENGENHEIRO CALDAS","MG - DIVINOPOLIS","MG - CURVELO","MG - DIAMANTINA","MG - CORONEL FABRICIANO","MG - COROMANDEL","MG - CORINTO","MG - CORACAO DE JESUS","MG - CONTAGEM","MG - CONSELHEIRO PENA","MG - CONSELHEIRO LAFAIETE","MG - CONGONHAS","MG - CONCEICAO DO MATO DENTRO","MG - CLAUDIO","MG - CAXAMBU","MG - CATAGUASES","MG - CARMO DO PARANAIBA","MG - CARMESIA","MG - CARATINGA","MG - CARLOS CHAGAS","MG - CARANGOLA","MG - CAMPOS GERAIS","MG - CAPELINHA","MG - CAMPOS ALTOS","MG - CAMBUI","MG - CAMPO BELO","MG - CAETE","MG - BRUMADINHO","MG - BURITIS","MG - BRASILIA DE MINAS","MG - BRASILANDIA DE MINAS","MG - BONITO DE MINAS","MG - BOM SUCESSO","MG - BOCAIUVA","MG - BOM DESPACHO","MG - BOA ESPERANCA","MG - BETIM","MG - BELO ORIENTE","MG - BELO HORIZONTE","MG - BARBACENA","MG - BARAO DE COCAIS","MG - BAEPENDI","MG - BAMBUI","MG - ARINOS","MG - AREADO","MG - ARCOS","MG - ARAXA","MG - ARACUAI","MG - ARAGUARI","MG - ANDRELANDIA","MG - ANDRADAS","MG - ALVINOPOLIS","MG - ALPINOPOLIS","MG - ALMENARA","MG - ALFENAS","MG - ALEM PARAIBA","MG - AGUAS FORMOSAS","MG - AIMORES","MG - ABAETE","MA - ZE DOCA","MA - VITORINO FREIRE","MA - VIANA","MA - VARGEM GRANDE","MA - URBANO SANTOS","MA - TUTOIA","MA - TURIACU","MA - TUNTUM","MA - TIMON","MA - SAO VICENTE FERRER","MA - TIMBIRAS","MA - SAO RAIMUNDO DAS MANGABEIRAS","MA - SAO MATEUS DO MARANHAO","MA - SAO LUIS","MA - SAO JOSE DE RIBAMAR","MA - SAO DOMINGOS DO MARANHAO","MA - SAO JOAO DOS PATOS","MA - SAO BENTO","MA - SAO BERNARDO","MA - SANTA RITA","MA - SANTA LUZIA DO PARUA","MA - SANTA LUZIA","MA - SANTA HELENA","MA - SANTA INES","MA - ROSARIO","MA - RAPOSA","MA - PRESIDENTE DUTRA","MA - PORTO FRANCO","MA - PIO XII","MA - PINHEIRO","MA - PENALVA","MA - PINDAREMIRIM","MA - PEDREIRAS","MA - PARNARAMA","MA - PACO DO LUMIAR","MA - MONTES ALTOS","MA - MIRINZAL","MA - MARACACUME","MA - MATINHA","MA - LAGO DA PEDRA","MA - JOAO LISBOA","MA - ITINGA DO MARANHAO","MA - ITAPECURU MIRIM","MA - IMPERATRIZ","MA - ICATU","MA - GRAJAU","MA - HUMBERTO DE CAMPOS","MA - GOVERNADOR NUNES FREIRE","MA - FORMOSA DA SERRA NEGRA","MA - FERNANDO FALCAO","MA - ESTREITO","MA - DOM PEDRO","MA - ESPERANTINOPOLIS","MA - CURURUPU","MA - COROATA","MA - COLINAS","MA - COELHO NETO","MA - CODO","MA - CHAPADINHA","MA - CAXIAS","MA - CAROLINA","MA - CARUTAPERA","MA - BURITICUPU","MA - BREJO","MA - BURITI BRAVO","MA - BOM JARDIM","MA - BEQUIMAO","MA - BARREIRINHAS","MA - BARRA DO CORDA","MA - BARAO DE GRAJAU","MA - BALSAS","MA - BACURI","MA - ARARI","MA - BACABAL","MA - ARAME","MA - ANAJATUBA","MA - ARAIOSES","MA - AMARANTE DO MARANHAO","MA - ALCANTARA","MA - ALTO PARNAIBA","MA - ACAILANDIA","GO - URUACU","GO - VALPARAISO DE GOIAS","GO - TRINDADE","GO - SENADOR CANEDO","GO - SILVANIA","GO - SAO MIGUEL DO ARAGUAIA","GO - SAO LUIS DE MONTES BELOS","GO - SANTO ANTONIO DO DESCOBERTO","GO - SANTA HELENA DE GOIAS","GO - RUBIATABA","GO - RIO VERDE","GO - QUIRINOPOLIS","GO - POSSE","GO - PORANGATU","GO - PLANALTINA","GO - PIRES DO RIO","GO - PIRENOPOLIS","GO - PIRACANJUBA","GO - PADRE BERNARDO","GO - NIQUELANDIA","GO - NOVO GAMA","GO - NEROPOLIS","GO - MORRINHOS","GO - MOZARLANDIA","GO - MINEIROS","GO - MINACU","GO - MAMBAI","GO - LUZIANIA","GO - JUSSARA","GO - JATAI","GO - ITUMBIARA","GO - JARAGUA","GO - ITAPURANGA","GO - ITABERAI","GO - ITAPACI","GO - IPORA","GO - IPAMERI","GO - GOIATUBA","GO - INHUMAS","GO - GOIAS","GO - GOIANIRA","GO - GOIANIA","GO - GOIANESIA","GO - FLORES DE GOIAS","GO - FORMOSA","GO - CRISTALINA","GO - CHAPADAO DO CEU","GO - CIDADE OCIDENTAL","GO - CERES","GO - CAVALCANTE","GO - CAMPOS BELOS","GO - CATALAO","GO - CALDAS NOVAS","GO - BARRO ALTO","GO - BOM JESUS DE GOIAS","GO - ARAGARCAS","GO - ANAPOLIS","GO - APARECIDA DE GOIANIA","GO - ALVORADA DO NORTE","GO - ALEXANIA","GO - ACREUNA","GO - AGUAS LINDAS DE GOIAS","ES - VITORIA","ES - VILA VELHA","ES - VIANA","ES - VENDA NOVA DO IMIGRANTE","ES - SERRA","ES - SOORETAMA","ES - SAO MATEUS","ES - SAO GABRIEL DA PALHA","ES - SANTA TERESA","ES - SANTA MARIA DE JETIBA","ES - PEDRO CANARIO","ES - PINHEIROS","ES - MONTANHA","ES - NOVA VENECIA","ES - MIMOSO DO SUL","ES - MARATAIZES","ES - LINHARES","ES - JOAO NEIVA","ES - JAGUARE","ES - ITAPEMIRIM","ES - IUNA","ES - GUARAPARI","ES - ECOPORANGA","ES - GUACUI","ES - DOMINGOS MARTINS","ES - CONCEICAO DA BARRA","ES - COLATINA","ES - CASTELO","ES - CARIACICA","ES - CACHOEIRO DE ITAPEMIRIM","ES - BREJETUBA","ES - BAIXO GUANDU","ES - BARRA DE SAO FRANCISCO","ES - ANCHIETA","ES - ARACRUZ","ES - ALEGRE","ES - AGUA DOCE DO NORTE","ES - AFONSO CLAUDIO","DF - BRASILIA","CE - VICOSA DO CEARA","CE - VARZEA ALEGRE","CE - VARJOTA","CE - URUOCA","CE - URUBURETAMA","CE - UBAJARA","CE - TRAIRI","CE - TEJUCUOCA","CE - TIANGUA","CE - TAUA","CE - TAMBORIL","CE - TABULEIRO DO NORTE","CE - SOLONOPOLE","CE - SOBRAL","CE - SENADOR POMPEU","CE - SAO GONCALO DO AMARANTE","CE - SANTA QUITERIA","CE - SAO BENEDITO","CE - SANTANA DO CARIRI","CE - RUSSAS","CE - SANTANA DO ACARAU","CE - REDENCAO","CE - QUIXERAMOBIM","CE - QUIXADA","CE - QUITERIANOPOLIS","CE - PORTEIRAS","CE - PINDORETAMA","CE - PENTECOSTE","CE - PEDRA BRANCA","CE - PARAMBU","CE - PARAIPABA","CE - PARACURU","CE - PACOTI","CE - PACAJUS","CE - PACATUBA","CE - OROS","CE - OCARA","CE - NOVO ORIENTE","CE - NOVA OLINDA","CE - NOVA RUSSAS","CE - MULUNGU","CE - MORADA NOVA","CE - MUCAMBO","CE - MONSENHOR TABOSA","CE - MOMBACA","CE - MISSAO VELHA","CE - MILAGRES","CE - MASSAPE","CE - MAURITI","CE - MARCO","CE - MARANGUAPE","CE - MARACANAU","CE - MADALENA","CE - LAVRAS DA MANGABEIRA","CE - LIMOEIRO DO NORTE","CE - JUCAS","CE - JUAZEIRO DO NORTE","CE - JIJOCA DE JERICOACOARA","CE - JARDIM","CE - JAGUARUANA","CE - JAGUARETAMA","CE - JAGUARIBE","CE - ITATIRA","CE - ITAREMA","CE - ITAPIPOCA","CE - ITAPAGE","CE - IRAUCUBA","CE - ITAITINGA","CE - IRACEMA","CE - IPUEIRAS","CE - IPU","CE - INDEPENDENCIA","CE - IGUATU","CE - ICO","CE - ICAPUI","CE - HORIZONTE","CE - IBIAPINA","CE - HIDROLANDIA","CE - GUARACIABA DO NORTE","CE - GRANJA","CE - FORTALEZA","CE - FORQUILHA","CE - FARIAS BRITO","CE - EUSEBIO","CE - CRATO","CE - CRUZ","CE - CRATEUS","CE - CHAVAL","CE - COREAU","CE - CAUCAIA","CE - CEDRO","CE - CASCAVEL","CE - CARIRIACU","CE - CARIDADE","CE - CARIRE","CE - CANINDE","CE - CAMOCIM","CE - CAMPOS SALES","CE - BREJO SANTO","CE - BOA VIAGEM","CE - BELA CRUZ","CE - BEBERIBE","CE - BATURITE","CE - BARROQUINHA","CE - BARRO","CE - BARBALHA","CE - BARREIRA","CE - BANABUIU","CE - AURORA","CE - ASSARE","CE - ARATUBA","CE - ARARIPE","CE - ARACATI","CE - ARACOIABA","CE - AQUIRAZ","CE - AMONTADA","CE - ALTO SANTO","CE - ACOPIARA","CE - ACARAU","CE - ACARAPE","BA - XIQUEXIQUE","BA - VITORIA DA CONQUISTA","BA - VERA CRUZ","BA - VALENTE","BA - VALENCA","BA - URANDI","BA - UNA","BA - UIBAI","BA - UMBURANAS","BA - UBAITABA","BA - UAUA","BA - UBAIRA","BA - TUCANO","BA - TEIXEIRA DE FREITAS","BA - TANHACU","BA - SOBRADINHO","BA - SIMOES FILHO","BA - SERRINHA","BA - SERRA DOURADA","BA - SENTO SE","BA - SENHOR DO BONFIM","BA - SERRA DO RAMALHO","BA - SEABRA","BA - SATIRO DIAS","BA - SAPEACU","BA - SAO GONCALO DOS CAMPOS","BA - SAO SEBASTIAO DO PASSE","BA - SAO GABRIEL","BA - SAO FRANCISCO DO CONDE","BA - SANTO ESTEVAO","BA - SAO FELIPE","BA - SANTO ANTONIO DE JESUS","BA - SANTO AMARO","BA - SANTA RITA DE CASSIA","BA - SANTANA","BA - SANTALUZ","BA - SANTA MARIA DA VITORIA","BA - SANTA BARBARA","BA - SALVADOR","BA - RUY BARBOSA","BA - RIO DE CONTAS","BA - RIO REAL","BA - RIBEIRA DO POMBAL","BA - RIACHAO DO JACUIPE","BA - RIACHO DE SANTANA","BA - RIACHAO DAS NEVES","BA - REMANSO","BA - PRESIDENTE TANCREDO NEVES","BA - PRADO","BA - PRESIDENTE DUTRA","BA - PORTO SEGURO","BA - POCOES","BA - POJUCA","BA - PIRITIBA","BA - PINDOBACU","BA - PILAO ARCADO","BA - PIATA","BA - PAULO AFONSO","BA - PARIPIRANGA","BA - PARATINGA","BA - PARAMIRIM","BA - OLIVEIRA DOS BREJINHOS","BA - PALMAS DE MONTE ALTO","BA - NOVA VICOSA","BA - NAZARE","BA - NOVA SOURE","BA - MUTUIPE","BA - MURITIBA","BA - MUCURI","BA - MORRO DO CHAPEU","BA - MONTE SANTO","BA - MILAGRES","BA - MIGUEL CALMON","BA - MEDEIROS NETO","BA - MATA DE SAO JOAO","BA - MARAGOGIPE","BA - MARACAS","BA - LUIS EDUARDO MAGALHAES","BA - MACAUBAS","BA - LIVRAMENTO DE NOSSA SENHORA","BA - LAPAO","BA - LAURO DE FREITAS","BA - JUSSARA","BA - JOAO DOURADO","BA - JUAZEIRO","BA - JIQUIRICA","BA - JEREMOABO","BA - JEQUIE","BA - JAGUARARI","BA - JAGUAQUARA","BA - JACOBINA","BA - ITUBERA","BA - ITORORO","BA - ITIUBA","BA - ITAPETINGA","BA - ITANHEM","BA - ITAPARICA","BA - ITAMBE","BA - ITAMARAJU","BA - ITAJUIPE","BA - ITACARE","BA - ITABERABA","BA - ITABUNA","BA - ITABELA","BA - IRECE","BA - IRARA","BA - IRAQUARA","BA - IPIRA","BA - IPIAU","BA - INHAMBUPE","BA - IBOTIRAMA","BA - ILHEUS","BA - IBITITA","BA - IBICARAI","BA - GUANAMBI","BA - GOVERNADOR MANGABEIRA","BA - GANDU","BA - FORMOSA DO RIO PRETO","BA - FEIRA DE SANTANA","BA - EUNAPOLIS","BA - EUCLIDES DA CUNHA","BA - ESPLANADA","BA - ENTRE RIOS","BA - DIAS DAVILA","BA - CURACA","BA - CRUZ DAS ALMAS","BA - CORRENTINA","BA - CORDEIROS","BA - CORACAO DE MARIA","BA - CONCEICAO DO JACUIPE","BA - CONCEICAO DO COITE","BA - COCOS","BA - CONCEICAO DA FEIRA","BA - COARACI","BA - CATU","BA - CICERO DANTAS","BA - CASTRO ALVES","BA - CARINHANHA","BA - CASA NOVA","BA - CARAVELAS","BA - CANSANCAO","BA - CAPIM GROSSO","BA - CANDIDO SALES","BA - CANDEIAS","BA - CANAVIEIRAS","BA - CANARANA","BA - CAMPO ALEGRE DE LOURDES","BA - CAMPO FORMOSO","BA - CAMAMU","BA - CAMACARI","BA - CAMACAN","BA - CAIRU","BA - CAETITE","BA - CACULE","BA - CACHOEIRA","BA - BUERAREMA","BA - BURITIRAMA","BA - BRUMADO","BA - BROTAS DE MACAUBAS","BA - BREJOES","BA - BOQUIRA","BA - BOM JESUS DA LAPA","BA - BELMONTE","BA - BARRA DO CHOCA","BA - BARREIRAS","BA - BARRA DA ESTIVA","BA - BARRA","BA - BAIXA GRANDE","BA - ARACI","BA - ANDARAI","BA - ANDORINHA","BA - ANAGE","BA - AMELIA RODRIGUES","BA - AMARGOSA","BA - ALAGOINHAS","AP - TARTARUGALZINHO","AP - VITORIA DO JARI","AP - SANTANA","AP - PORTO GRANDE","AP - OIAPOQUE","AP - MAZAGAO","AP - MACAPA","AP - LARANJAL DO JARI","AP - PEDRA BRANCA DO AMAPARI","AP - CALCOENE","AP - AMAPA","AM - URUCARA","AM - URUCURITUBA","AM - UARINI","AM - TONANTINS","AM - TEFE","AM - TABATINGA","AM - TAPAUA","AM - SILVES","AM - SAO SEBASTIAO DO UATUMA","AM - SAO PAULO DE OLIVENCA","AM - SAO GABRIEL DA CACHOEIRA","AM - SANTO ANTONIO DO ICA","AM - SANTA ISABEL DO RIO NEGRO","AM - RIO PRETO DA EVA","AM - PAUINI","AM - PRESIDENTE FIGUEIREDO","AM - PARINTINS","AM - NOVO AIRAO","AM - NOVO ARIPUANA","AM - NOVA OLINDA DO NORTE","AM - NHAMUNDA","AM - MAUES","AM - MARAA","AM - MANICORE","AM - MANAQUIRI","AM - MANAUS","AM - MANACAPURU","AM - LABREA","AM - JUTAI","AM - JURUA","AM - JAPURA","AM - ITAPIRANGA","AM - ITAMARATI","AM - ITACOATIARA","AM - IPIXUNA","AM - IRANDUBA","AM - HUMAITA","AM - FONTE BOA","AM - ENVIRA","AM - EIRUNEPE","AM - CODAJAS","AM - COARI","AM - CAREIRO DA VARZEA","AM - CAREIRO","AM - CARAUARI","AM - CANUTAMA","AM - CAAPIRANGA","AM - BORBA","AM - BOCA DO ACRE","AM - BOA VISTA DO RAMOS","AM - BERURI","AM - BENJAMIN CONSTANT","AM - BARREIRINHA","AM - BARCELOS","AM - AUTAZES","AM - ANORI","AM - APUI","AM - ANAMA","AM - AMATURA","AM - ALVARAES","AL - VICOSA","AL - UNIAO DOS PALMARES","AL - TRAIPU","AL - TEOTONIO VILELA","AL - SAO MIGUEL DOS CAMPOS","AL - SAO JOSE DA TAPERA","AL - SAO LUIS DO QUITUNDE","AL - SANTANA DO IPANEMA","AL - PORTO CALVO","AL - RIO LARGO","AL - PENEDO","AL - PILAR","AL - PALMEIRA DOS INDIOS","AL - OLHO DAGUA DAS FLORES","AL - MATA GRANDE","AL - MARECHAL DEODORO","AL - MACEIO","AL - GIRAU DO PONCIANO","AL - IGACI","AL - DELMIRO GOUVEIA","AL - CAMPO ALEGRE","AL - CORURIPE","AL - BOCA DA MATA","AL - BATALHA","AL - ARAPIRACA","AL - ATALAIA","AL - AGUA BRANCA","AC - PORTO ACRE","AC - TARAUACA","AC - XAPURI","AC - SENA MADUREIRA","AC - SENADOR GUIOMARD","AC - SANTA ROSA DO PURUS","AC - RIO BRANCO","AC - PORTO WALTER","AC - PLACIDO DE CASTRO","AC - MARECHAL THAUMATURGO","AC - JORDAO","AC - MANCIO LIMA","AC - FEIJO","AC - CRUZEIRO DO SUL","AC - BRASILEIA","AC - ACRELANDIA"]