["RS - ESTEIO","MG - BRASILIA DE MINAS","BA - PORTO SEGURO","RN - SAO JOSE DE MIPIBU","BA - POJUCA","BA - LUIS EDUARDO MAGALHAES","MG - LAMBARI","AM - MARAA","PA - MOJU","SP - CACHOEIRA PAULISTA","AM - CAREIRO","SP - BARUERI","SP - IGUAPE","BA - SEABRA","BA - RIBEIRA DO POMBAL","SP - TABOAO DA SERRA","MA - SANTA HELENA","MA - ESPERANTINOPOLIS","PE - PETROLANDIA","RN - CURRAIS NOVOS","PE - CAMARAGIBE","AL - ATALAIA","PE - SURUBIM","RJ - VASSOURAS","AL - SANTANA DO IPANEMA","BA - EUCLIDES DA CUNHA","AM - BARREIRINHA","AM - MANAQUIRI","RJ - RIO BONITO","AL - SAO LUIS DO QUITUNDE","PA - CURUCA","RJ - CACHOEIRAS DE MACACU","MG - ALPINOPOLIS","AM - BORBA","MG - PIRANGA","RS - CACHOEIRINHA","MG - VIRGINOPOLIS","ES - VITORIA","SP - BARRA BONITA","MG - CARANGOLA","PE - BEZERROS","SP - JUQUITIBA","SP - APIAI","SC - CAMBORIU","RS - ALVORADA","RS - VIAMAO","PA - ALTAMIRA","MG - NOVA ERA","RS - SOBRADINHO","CE - INDEPENDENCIA","CE - GRANJA","CE - CASCAVEL","CE - CANINDE","SP - JABOTICABAL","MA - BURITICUPU","GO - GOIANIRA","SC - BALNEARIO CAMBORIU","PE - SAO JOSE DO BELMONTE","PA - BARCARENA","PE - PAUDALHO","PE - ARARIPINA","AM - BOA VISTA DO RAMOS","PR - FAZENDA RIO GRANDE","SP - SAO ROQUE","SP - VINHEDO","AM - NOVO ARIPUANA","AM - MANACAPURU","PR - SAO MIGUEL DO IGUACU","SP - GUARUJA","RS - BUTIA","PI - CASTELO DO PIAUI","SP - SANTOS","SP - BARRETOS","AM - URUCARA","SP - GUARATINGUETA","RJ - VALENCA","PA - NOVO REPARTIMENTO","PR - SANTA TEREZINHA DE ITAIPU","SC - SOMBRIO","AM - ANORI","RS - CAPAO DA CANOA","CE - JARDIM","SP - ITAPEVI","CE - QUIXADA","SP - SANTANA DE PARNAIBA","RJ - TRES RIOS","SP - BEBEDOURO","BA - CRUZ DAS ALMAS","PE - SAO LOURENCO DA MATA","CE - BARREIRA","RS - ROSARIO DO SUL","PE - PASSIRA","CE - PACAJUS","RN - SAO GONCALO DO AMARANTE","PE - IPOJUCA","RN - ACARI","SC - SEARA","CE - IPU","RS - SARANDI","CE - ACARAU","PR - MAUA DA SERRA","MG - CONCEICAO DO MATO DENTRO","CE - ITATIRA","AM - NHAMUNDA","PB - SAO BENTO","PI - CANTO DO BURITI","SE - ITABAIANINHA","SP - ESPIRITO SANTO DO PINHAL","SP - IBATE","AM - MANICORE","PA - CONCEICAO DO ARAGUAIA","CE - MARACANAU","RN - CANGUARETAMA","RJ - ANGRA DOS REIS","RJ - PETROPOLIS","CE - ITAPIPOCA","CE - MILAGRES","PR - UNIAO DA VITORIA","AL - PALMEIRA DOS INDIOS","RS - FREDERICO WESTPHALEN","SP - CARAPICUIBA","DF - BRASILIA","PE - SANTA MARIA DA BOA VISTA","SP - CRUZEIRO","MG - ITABIRA","MT - VARZEA GRANDE","PA - IGARAPE-MIRI","RJ - NOVA IGUACU","TO - ARAPOEMA","RJ - CABO FRIO","AM - NOVA OLINDA DO NORTE","AM - BOCA DO ACRE","AM - AUTAZES","BA - CONCEICAO DO JACUIPE","MA - SAO VICENTE FERRER","PA - MONTE ALEGRE","BA - SENHOR DO BONFIM","AM - BENJAMIN CONSTANT","AL - ARAPIRACA","ES - SANTA MARIA DE JETIBA","MA - SAO JOSE DE RIBAMAR","TO - ANANAS","BA - CANDEIAS","PR - LARANJEIRAS DO SUL","PR - CAMPO LARGO","MG - ARACUAI","MG - PIUMHI","PA - ITAITUBA","PR - ALTO PARANA","PR - SARANDI","PR - PARANAVAI","PR - MARIALVA","PR - JANDAIA DO SUL","SC - CURITIBANOS","BA - IRECE","BA - BRUMADO","PI - SAO RAIMUNDO NONATO","RR - RORAINOPOLIS","SP - GALIA","RS - CAMAQUA","SP - MOGI DAS CRUZES","RS - SAO FRANCISCO DE ASSIS","RS - JAGUARI","SC - CANOINHAS","RS - SANTIAGO","SC - MAFRA","SC - RIO DO SUL","PR - DOIS VIZINHOS","SC - CONCORDIA","PR - GUAIRA","CE - TIANGUA","SC - CACADOR","PA - CAPANEMA","MG - NEPOMUCENO","PR - LOANDA","PR - IPORA","PR - PARANACITY","PR - CIANORTE","AC - FEIJO","GO - EDEIA","PI - BOM JESUS","MG - MATOZINHOS","AM - MAUES","PR - PINHAIS","CE - CRATEUS","CE - IGUATU","PE - TIMBAUBA","TO - GURUPI","PA - SAO FELIX DO XINGU","GO - POSSE","GO - NIQUELANDIA","GO - CRISTALINA","GO - PLANALTINA","GO - RIO VERDE","GO - PONTALINA","MT - PEIXOTO DE AZEVEDO","MT - BARRA DO BUGRES","BA - EUNAPOLIS","MT - PARANATINGA","MT - ALTA FLORESTA","MT - NOBRES","MT - DIAMANTINO","PB - BELEM","PB - ALHANDRA","PB - SAO JOSE DE PIRANHAS","RO - COLORADO DO OESTE","RO - SAO FRANCISCO DO GUAPORE","RO - ALVORADA D OESTE","PE - LIMOEIRO","RS - SANTO ANGELO","PA - BENEVIDES","AC - TARAUACA","SP - TAIUVA","SP - BRAGANCA PAULISTA","SP - AVANHANDAVA","SP - BERNARDINO DE CAMPOS","MG - GUARANESIA","PE - GOIANA","MG - SAO LOURENCO","PE - BOM CONSELHO","MG - JANAUBA","SP - OSVALDO CRUZ","SP - ASSIS","SP - MONGAGUA","MG - BETIM","MG - TIMOTEO","MG - PRESIDENTE OLEGARIO","MG - CONSELHEIRO PENA","MG - SAO FRANCISCO","PE - VERDEJANTE","PR - MANDAGUARI","MG - SANTA MARIA DO SUACUI","RS - CERRO LARGO","RS - PALMEIRA DAS MISSOES","PR - IBIPORA","RS - SAO FRANCISCO DE PAULA","RS - GRAVATAI","RS - JULIO DE CASTILHOS","PR - ASSAI","RS - CARAZINHO","RS - TRES PASSOS","PR - CAMBARA","PR - APUCARANA","PR - CAMBE","RS - BAGE","PR - BANDEIRANTES","PR - FAXINAL","PR - ANDIRA","PR - CARLOPOLIS","PR - CORNELIO PROCOPIO","SC - LAGUNA","PR - ENGENHEIRO BELTRAO","PR - PORECATU","SC - SAO MIGUEL DO OESTE","SC - TIJUCAS","RS - SAO GABRIEL","SC - INDAIAL","GO - MINACU","MT - CAMPO NOVO DO PARECIS","GO - IPAMERI","GO - INHUMAS","GO - MINEIROS","GO - JUSSARA","MT - JUARA","MT - PORTO DOS GAUCHOS","MT - RONDONOPOLIS","PE - SALGUEIRO","MT - PRIMAVERA DO LESTE","PB - SAO JOAO DO CARIRI","PB - SERRA BRANCA","PB - SAPE","PB - ARARUNA","MA - SANTA INES","PB - PILAR","BA - SIMOES FILHO","BA - ITABUNA","BA - SERRINHA","RO - ALTA FLORESTA D OESTE","RO - OURO PRETO DO OESTE","PE - LAJEDO","RO - GUAJARA-MIRIM","PB - PIANCO","MA - GODOFREDO VIANA","MS - AMAMBAI","SP - SERTAOZINHO","AC - SENADOR GUIOMARD","MT - ARENAPOLIS","RS - SAO LEOPOLDO","RJ - DUQUE DE CAXIAS","GO - ITUMBIARA","MG - CONCEICAO DAS ALAGOAS","GO - ANAPOLIS","MT - JACIARA","MG - ITABIRITO","GO - INDIARA","GO - CAIAPONIA","SP - REGINOPOLIS","MG - RIO PIRACICABA","SP - AMERICANA","PR - GOIOERE","PB - MAMANGUAPE","MG - DIAMANTINA","MG - LAGOA DA PRATA","MG - LEOPOLDINA","PR - MARECHAL CANDIDO RONDON","MG - IPABA","MG - ALEM PARAIBA","PR - IBAITI","SP - JUNQUEIROPOLIS","TO - PALMEIROPOLIS","MG - UBA","TO - DIANOPOLIS","PB - ITAPORANGA","PR - JACAREZINHO","ES - SERRA","MG - VARGINHA","SE - SAO CRISTOVAO","MG - CARLOS CHAGAS","RN - CAICO","RN - CARAUBAS","TO - COLMEIA","TO - PORTO NACIONAL","PB - CUBATI","TO - NATIVIDADE","PB - PRINCESA ISABEL","PR - ORTIGUEIRA","MG - MANHUMIRIM","TO - ARRAIAS","GO - SANCLERLANDIA","RO - MACHADINHO D OESTE","MS - JATEI","BA - PAULO AFONSO","MG - TUPACIGUARA","MG - CAMPO BELO","GO - PIRES DO RIO","MG - ARCOS","SP - CAIUA","SP - PAULO DE FARIA","ES - SAO DOMINGOS DO NORTE","TO - TAGUATINGA","SP - REGISTRO","SP - MIRANDOPOLIS","ES - ARACRUZ","PB - GUARABIRA","PA - REDENCAO","PA - CAMETA","RS - SAO SEPE","RS - AGUDO","RS - CANDELARIA","RS - BENTO GONCALVES","RS - SAO BORJA","RS - RIO GRANDE","AL - GIRAU DO PONCIANO","RS - GUAIBA","RS - TORRES","SP - ITAI","RS - CACEQUI","RS - DOM PEDRITO","PB - ALAGOA GRANDE","SC - VIDEIRA","SC - TUBARAO","SC - SAO PEDRO DE ALCANTARA","SC - ARARANGUA","SP - MAUA","SC - IMBITUBA","PB - QUEIMADAS","SP - PORTO FELIZ","SP - DIADEMA","AC - CRUZEIRO DO SUL","RS - LAGOA VERMELHA","RS - IJUI","AM - HUMAITA","PR - CRUZEIRO DO OESTE","PA - VITORIA DO XINGU","AM - TEFE","MA - CAROLINA","PR - CAMPO MOURAO","CE - CAUCAIA","PR - TOLEDO","PR - LAPA","CE - TRAIRI","MS - IVINHEMA","MS - CAARAPO","PR - ASTORGA","MA - BARRA DO CORDA","SP - NOVA INDEPENDENCIA","GO - ISRAELANDIA","PE - CABO DE SANTO AGOSTINHO","GO - SANTO ANTONIO DO DESCOBERTO","GO - NOVO GAMA","RO - COSTA MARQUES","PR - IVAIPORA","PR - SENGES","PR - PATO BRANCO","PB - LAGOA SECA","MT - VILA RICA","PR - TELEMACO BORBA","MT - SANTA TEREZINHA","RN - CEARA-MIRIM","PE - ITAQUITINGA","MT - COLNIZA","AC - BRASILEIA","PR - ARAPOTI","PR - JAGUARIAIVA","MT - BARRA DO GARCAS","MT - LUCAS DO RIO VERDE","BA - ILHEUS","MA - GOVERNADOR NUNES FREIRE","RN - APODI","MA - COLINAS","MT - SORRISO","MA - SAO JOAO DOS PATOS","PB - PEDRAS DE FOGO","GO - CERES","GO - SILVANIA","RO - JI-PARANA","PB - SANTA RITA","PB - JACARAU","PR - BARRACAO","BA - BARREIRAS","RO - PRESIDENTE MEDICI","RO - BURITIS","PB - INGA","MS - CASSILANDIA","SC - SAO JOSE","TO - TALISMA","PE - GARANHUNS","MS - JARDIM","MS - COXIM","GO - BRAZABRANTES","RJ - NOVA FRIBURGO","GO - RUBIATABA","GO - GOIANAPOLIS","GO - BARRO ALTO","SP - VOTORANTIM","PR - CASTRO","PB - AROEIRAS","RJ - RESENDE","MA - GRAJAU","PA - PARAUAPEBAS","MA - PINHEIRO","MA - ZE DOCA","MA - VIANA","RS - LAJEADO","MA - IMPERATRIZ","SE - ESTANCIA","AL - RIO LARGO","SE - AREIA BRANCA","MG - TRES MARIAS","MG - VARZEA DA PALMA","MA - PRESIDENTE DUTRA","MG - TURMALINA","MG - CONGONHAS","MT - PONTES E LACERDA","MG - CAPELINHA","MG - BICAS","PE - TACAIMBO","MA - PACO DO LUMIAR","MG - BURITIS","MG - PATOS DE MINAS","PE - SANTA CRUZ DO CAPIBARIBE","MG - BOCAIUVA","SP - ICEM","MG - SERRO","MG - SANTA VITORIA","MG - MALACACHETA","MG - ITAPAGIPE","SP - PERUIBE","MG - ITAMARANDIBA","MG - TAIOBEIRAS","MG - JACINTO","MG - MACHADO","MG - CORINTO","MG - CANAPOLIS","SP - LUCELIA","PB - SOLANEA","SP - JARDINOPOLIS","MA - BALSAS","PR - WENCESLAU BRAZ","MA - CODO","MA - PORTO FRANCO","RJ - MACAE","SP - FLORINIA","SP - ITAPECERICA DA SERRA","CE - AQUIRAZ","MA - COROATA","PA - BREVES","SP - SAO BERNARDO DO CAMPO","TO - PALMAS","MA - PEDREIRAS","MA - ITAPECURU MIRIM","GO - SERRANOPOLIS","RS - CANOAS","MG - SALINAS","MG - POUSO ALEGRE","SP - ITATINGA","MA - BACABAL","MA - ACAILANDIA","SP - BOTUCATU","SP - ANDRADINA","SP - SAO CARLOS","SP - PRAIA GRANDE","SP - JAU","SP - TAQUARITUBA","SP - MARTINOPOLIS","SP - CARAGUATATUBA","SP - IARAS","SP - ALVARO DE CARVALHO","SP - PIRACICABA","SP - FLORIDA PAULISTA","SP - CAPELA DO ALTO","MG - SAO SEBASTIAO DO PARAISO","MG - BARAO DE COCAIS","MG - JOAO MONLEVADE","MG - ARAGUARI","ES - COLATINA","MG - CORONEL FABRICIANO","TO - COLINAS DO TOCANTINS","PR - PONTA GROSSA","RJ - SAO GONCALO","MG - NOVA LIMA","MG - TEOFILO OTONI","RS - ARROIO DO MEIO","MG - LAGOA SANTA","RS - ENCANTADO","RS - JAGUARAO","RS - TAQUARA","MG - MURIAE","RS - ENCRUZILHADA DO SUL","RS - CACHOEIRA DO SUL","RS - OSORIO","SC - FLORIANOPOLIS","SC - PORTO UNIAO","MG - PRATA","SC - ITUPORANGA","RO - VILHENA","PI - PICOS","SC - XANXERE","SC - SAO JOSE DO CEDRO","GO - IPORA","BA - CAMACARI","GO - LUZIANIA","CE - PACATUBA","CE - JUAZEIRO DO NORTE","GO - CALDAS NOVAS","MT - SAO FELIX DO ARAGUAIA","PB - SOUSA","BA - JEQUIE","MT - COLIDER","MT - SINOP","MT - CUIABA","PB - BAYEUX","PB - SANTA LUZIA","PB - PATOS","MA - DAVINOPOLIS","PB - MALTA","RO - ARIQUEMES","RO - CEREJEIRAS","PB - POMBAL","PE - CANHOTINHO","RS - NOVO HAMBURGO","MS - NOVA ANDRADINA","SP - JACAREI","MG - SANTA RITA DO SAPUCAI","RJ - CAMPOS DOS GOYTACAZES","MG - UBERLANDIA","SP - PIRAJUI","SP - ARACATUBA","SP - HORTOLANDIA","SP - PACAEMBU","MG - CARMO DO PARANAIBA","SP - CASA BRANCA","SP - SAO VICENTE","SP - RIO CLARO","SP - ATIBAIA","SP - PRESIDENTE PRUDENTE","PE - IGARASSU","SP - BIRIGUI","MG - CURVELO","SP - TAUBATE","MG - MONTES CLAROS","MG - MANTENA","MG - ERVALIA","MG - PATROCINIO","MG - VICOSA","MG - UBERABA","MG - ANDRADAS","MG - ALFENAS","MG - FRANCISCO SA","MG - SANTA LUZIA","MG - JANUARIA","MG - CAETE","MG - VISCONDE DO RIO BRANCO","MG - ITAOBIM","TO - CARIRI DO TOCANTINS","SE - NOSSA SENHORA DA GLORIA","MG - FRUTAL","TO - MIRANORTE","MG - ITAUNA","RS - SANTA ROSA","RJ - ITAPERUNA","ES - BARRA DE SAO FRANCISCO","SC - JOINVILLE","RS - CACAPAVA DO SUL","ES - GUARAPARI","RS - ITAQUI","RO - ROLIM DE MOURA","PE - SERRA TALHADA","SC - MARAVILHA","PI - PARNAIBA","SC - BRUSQUE","PR - ARAUCARIA","PR - SAO JOSE DOS PINHAIS","CE - SOBRAL","GO - GOIAS","RN - MOSSORO","GO - CIDADE OCIDENTAL","GO - PADRE BERNARDO","GO - URUACU","RN - PAU DOS FERROS","PE - ARCOVERDE","BA - VITORIA DA CONQUISTA","MT - ARAPUTANGA","PB - TEIXEIRA","PB - AREIA","PB - SOLEDADE","PB - ITABAIANA","PB - CONCEICAO","PB - JUAZEIRINHO","TO - TOCANTINOPOLIS","MA - ROSARIO","MA - CHAPADINHA","TO - FORMOSO DO ARAGUAIA","PE - VITORIA DE SANTO ANTAO","TO - AUGUSTINOPOLIS","MS - RIO BRILHANTE","PB - COREMAS","PI - TERESINA","RS - PASSO FUNDO","PE - CARUARU","MS - BATAGUASSU","MS - BATAGUASSU","SP - LIMEIRA","RJ - JAPERI","SP - JUNDIAI","SP - MARABA PAULISTA","RJ - NILOPOLIS","MG - ITUIUTABA","SP - ARARAQUARA","SP - SERRA AZUL","MG - SAO JOAO DEL REI","SP - RIOLANDIA","MG - PARACATU","MG - SANTOS DUMONT","SP - PRESIDENTE BERNARDES","MG - VESPASIANO","MG - NANUQUE","MG - MANGA","MG - PIRAPORA","MG - MANHUACU","MG - PASSOS","MG - JUIZ DE FORA","SP - PRACINHA","MG - OLIVEIRA","MG - BARBACENA","MG - POCOS DE CALDAS","MG - DIVINOPOLIS","MG - ARAXA","MG - ITAJUBA","MG - CATAGUASES","MG - FORMIGA","MG - MONTE CARMELO","ES - MARATAIZES","ES - VIANA","SE - TOBIAS BARRETO","ES - LINHARES","RN - NOVA CRUZ","PR - CASCAVEL","MG - PEDRA AZUL","ES - CACHOEIRO DE ITAPEMIRIM","MG - JABOTICATUBAS","MG - CONSELHEIRO LAFAIETE","RJ - MAGE","PA - CASTANHAL","PA - TOME-ACU","RS - CANGUCU","SC - ITAJAI","RS - CANELA","PA - ABAETETUBA","PI - ESPERANTINA","PA - ANANINDEUA","PI - ALTOS","SC - BARRA VELHA","AM - COARI","PR - PIRAQUARA","GO - SENADOR CANEDO","GO - AGUAS LINDAS DE GOIAS","GO - SAO LUIS DE MONTES BELOS","GO - TRINDADE","CE - FORTIM","CE - CRATO","RJ - NITEROI","CE - ITAITINGA","GO - JATAI","MT - AGUA BOA","MT - ALTO ARAGUAIA","PE - SALOA","BA - JUAZEIRO","MT - NORTELANDIA","BA - TEIXEIRA DE FREITAS","MT - CHAPADA DOS GUIMARAES","PB - BANANEIRAS","PB - CAMPINA GRANDE","PB - REMIGIO","RJ - VOLTA REDONDA","PB - ESPERANCA","PB - CATOLE DO ROCHA","PB - UMBUZEIRO","MA - TIMON","PB - ALAGOA NOVA","RO - PORTO VELHO","PA - SALINOPOLIS","PE - ILHA DE ITAMARACA","PE - BUIQUE","PB - CRUZ DO ESPIRITO SANTO","PB - CUITE","PB - ALAGOINHA","RS - PELOTAS","SC - CHAPECO","MS - PONTA PORA","AC - RIO BRANCO","PA - PARAGOMINAS","SP - MOGI MIRIM","SP - MOGI GUACU","RS - SAO VICENTE DO SUL","RJ - TERESOPOLIS","SP - ITAQUAQUECETUBA","SP - ITIRAPINA","SP - GETULINA","RS - GUAPORE","SP - TREMEMBE","SP - MOCOCA","SP - ITAPETININGA","SP - PONTAL","SP - CAMPINAS","RS - ARROIO DOS RATOS","SP - AVARE","MG - UNAI","SP - IRAPURU","MG - SACRAMENTO","MG - SAO JOAQUIM DE BICAS","MG - JEQUITINHONHA","SP - MARILIA","SP - PARAGUACU PAULISTA","SP - GUAREI","RS - MONTENEGRO","MG - JOAO PINHEIRO","MG - OURO PRETO","MG - CARATINGA","MG - LAVRAS","MG - PONTE NOVA","MG - TRES CORACOES","MG - TRES PONTAS","MG - INHAPIM","MG - PARA DE MINAS","MG - MARIANA","SC - JOACABA","TO - PARAISO DO TOCANTINS","TO - MIRACEMA DO TOCANTINS","TO - ARAGUAINA","TO - ARAGUATINS","MG - EUGENOPOLIS","PR - SANTO ANTONIO DA PLATINA","ES - SAO MATEUS","MG - PERDOES","PA - BRAGANCA","PA - MARITUBA","PA - MOCAJUBA","RS - VENANCIO AIRES","PA - BELEM","RS - VACARIA","RS - ALEGRETE","RS - ERECHIM","RS - SANTO CRISTO","RS - SANTA MARIA","RS - SANTA CRUZ DO SUL","RS - CRUZ ALTA","SC - PALHOCA","SC - JARAGUA DO SUL","SC - BIGUACU","SC - SAO CRISTOVAO DO SUL","RS - SANTA VITORIA DO PALMAR","RS - NOVA PRATA","RO - CACOAL","PI - OEIRAS","PI - FLORIANO","RS - SOLEDADE","AM - MANAUS","AM - ITACOATIARA","SC - CAMPOS NOVOS","PR - FRANCISCO BELTRAO","PR - MARINGA","ES - CARIACICA","RS - ESPUMOSO","GO - ITAPURANGA","BA - FEIRA DE SANTANA","GO - ACREUNA","GO - PORANGATU","GO - GOIANESIA","GO - APARECIDA DE GOIANIA","GO - FORMOSA","GO - JARAGUA","MT - CACERES","PE - ABREU E LIMA","MT - PORTO ALEGRE DO NORTE","MT - JUINA","BA - VALENCA","AL - MACEIO","MT - MIRASSOL D OESTE","MS - CORUMBA","PB - SAO JOAO DO RIO DO PEIXE","PB - CAJAZEIRAS","MA - SAO LUIS","PB - JOAO PESSOA","RR - BOA VISTA","RO - SAO MIGUEL DO GUAPORE","RO - JARU","RO - PIMENTA BUENO","PI - CAMPO MAIOR","PE - PALMARES","PE - PESQUEIRA","PE - PETROLINA","PB - UIRAUNA","AM - TABATINGA","MS - SAO GABRIEL DO OESTE","MS - AQUIDAUANA","MS - PARANAIBA","AM - PARINTINS","MS - DOIS IRMAOS DO BURITI","SC - LAGES","RS - URUGUAIANA","RS - CAXIAS DO SUL","PE - RECIFE","AC - SENA MADUREIRA","MS - DOURADOS","SC - BLUMENAU","PR - CATANDUVAS","SC - CRICIUMA","SP - LORENA","SC - SAO FRANCISCO DO SUL","MG - CONTAGEM","SP - SOROCABA","SP - GUARIBA","RS - SANT ANA DO LIVRAMENTO","PR - PITANGA","SP - BAURU","SP - GUARULHOS","RJ - BELFORD ROXO","RJ - RIO DE JANEIRO","PR - GUARAPUAVA","PR - PALOTINA","PR - CURITIBA","SP - LINS","RN - PARNAMIRIM","SP - SAO JOSE DOS CAMPOS","SP - IPERO","SP - BALBINOS","SP - FRANCA","SP - CERQUEIRA CESAR","SP - DRACENA","SP - SUMARE","AP - MACAPA","SP - OURINHOS","SP - AGUAI","SP - PRESIDENTE VENCESLAU","RN - NATAL","PR - FOZ DO IGUACU","SP - RIBEIRAO PRETO","SP - SAO JOSE DO RIO PRETO","GO - GOIANIA","SP - OSASCO","PA - MARABA","SP - MAIRINQUE","PE - EXU","SP - VALPARAISO","PR - ARAPONGAS","SP - SANTO ANDRE","MG - MONTE SANTO DE MINAS","PR - LONDRINA","SP - SAO PAULO","RS - CHARQUEADAS","MG - GUANHAES","MG - SANTA BARBARA","MG - BOA ESPERANCA","PR - CORBELIA","PR - UMUARAMA","MG - ALMENARA","PA - SANTAREM","MG - GOVERNADOR VALADARES","PA - SANTA IZABEL DO PARA","MG - RIBEIRAO DAS NEVES","PR - MANDAGUACU","PA - TUCURUI","CE - FORTALEZA","SP - TUPI PAULISTA","SP - POTIM","SP - FRANCO DA ROCHA","SP - LAVINIA","MG - BELO HORIZONTE","MG - SETE LAGOAS","MG - CAMPOS GERAIS","MS - CAMPO GRANDE","RN - MACAU","ES - VILA VELHA","BA - SALVADOR","PR - SANTO ANTONIO DO SUDOESTE","BA - LAURO DE FREITAS","DF - BRASILIA","PR - PALMAS","SE - NOSSA SENHORA DO SOCORRO","RN - NISIA FLORESTA","SE - ARACAJU","GO - ITABERAI","TO - GUARAI","RS - PORTO ALEGRE","MS - TRES LAGOAS"]